event_id,app_id,is_installed,is_active
2,5927333115845830913,1,1
2,-5720078949152207372,1,0
2,-1633887856876571208,1,0
2,-653184325010919369,1,1
2,8693964245073640147,1,1
2,4775896950989639373,1,1
2,-8022267440849930066,1,0
2,9112463267739110219,1,0
2,-3725672010020973973,1,0
2,7167114343576723123,1,1
2,487766649788038994,1,0
2,7460082553072507347,1,0
2,628020936226491308,1,0
2,701031210314548601,1,0
2,-1758857579862594461,1,0
2,4348659952760821294,1,0
2,-8942695423876075857,1,0
2,5497109940653330488,1,1
2,3717049149426646122,1,0
6,-7377004479023402858,1,1
6,6284164581582112235,1,1
6,5927333115845830913,1,1
6,3433289601737013244,1,1
6,-3467200097934864127,1,1
6,6924337203824723352,1,0
6,-3955212733485100109,1,1
6,-2102196853266493861,1,0
6,8693964245073640147,1,1
6,6439247542005098738,1,1
6,8026408215240194585,1,0
6,1261332316628097511,1,0
6,8948670408023620661,1,1
6,5989038673291849689,1,0
6,-8271866350659046570,1,0
6,-4514556887128287722,1,0
6,2761480706282992376,1,1
6,-5839858269967688123,1,0
6,-338536863687380457,1,0
6,5729517255058371973,1,0
6,-7509752927626140732,1,0
6,6868430133575209713,1,1
6,1183530713303335378,1,1
6,-1633912854767170738,1,0
6,-2237612462213986141,1,0
6,-628177381309085483,1,0
6,-5305696816021977482,1,0
6,-4951574835341686564,1,0
6,6666573791573454434,1,0
6,6602285879264922467,1,0
6,4348659952760821294,1,1
6,-1633873313139722876,1,0
6,-4361453417043092299,1,1
6,-8764672938472212518,1,1
6,-1633908186354644707,1,0
6,3358418900419361927,1,0
6,3717049149426646122,1,0
6,1757044000527607662,1,0
7,-5025470775416984603,1,0
7,-5368809411346728624,1,1
7,2677271220675390076,1,0
7,4574657903816099535,1,0
7,758245148452694196,1,1
7,-653184325010919369,1,1
7,6324194762929679284,1,0
7,8026407831917254841,1,0
7,-653184324994839917,1,0
7,8693964245073640147,1,1
7,-450723994850216235,1,1
7,-4310155758120966300,1,0
7,-5372083417770193025,1,1
7,-4439229031557999821,1,0
7,-653184325026622087,1,0
7,-1405461761481355383,1,0
7,-1101022140703461335,1,0
7,-4532036554977283654,1,0
7,-3923363630716707823,1,1
7,4775896950989639373,1,1
7,-196592189248911642,1,0
7,-5839858269967688123,1,0
7,-8022267440849930066,1,1
7,-1014006369498002479,1,0
7,33792862810792679,1,1
7,7608131261394141565,1,0
7,-1633933922436094199,1,0
7,-607956450007961078,1,0
7,9112463114311278255,1,0
7,-9050100410106163077,1,0
7,1886578604601590220,1,0
7,487766649788038994,1,1
7,4348659952760821294,1,0
7,2558421747537652058,1,1
7,7310940964635812162,1,0
7,5174220482946459892,1,0
7,7935999223086317721,1,0
7,5023320781710916167,1,0
7,-540895262341826219,1,1
7,3717049149426646122,1,0
9,-7377004479023402858,1,0
9,-5025470775416984603,1,0
9,-7020654533029760246,1,0
9,6666573789489406869,1,0
9,5927333115845830913,1,0
9,4574657903816099535,1,0
9,-5166330690686719214,1,0
9,8693964245073640147,1,1
9,-332792151099088795,1,1
9,5099453940784075687,1,1
9,-653184325026622087,1,0
9,3801760874707003280,1,0
9,-5839858269967688123,1,0
9,-6737992099292326675,1,0
9,-7680145830980282919,1,0
9,-3507529970483852351,1,0
9,33792862810792679,1,0
9,-1573376790015409159,1,1
9,-1633933922436094199,1,0
9,530415559366785528,1,0
9,1611513312743591454,1,1
9,1886578604601590220,1,0
9,1081301425634924658,1,0
9,8026407832530984885,1,1
9,-3365223069353019216,1,0
9,6236330376357924371,1,0
9,3683147815759994238,1,0
9,7460082553072507347,1,0
9,-2917998150844653076,1,0
9,6666573791573454434,1,0
9,6607018907660377991,1,0
9,6279509966423362439,1,0
9,4348659952760821294,1,1
9,-1562373526021293187,1,0
9,-1425665383708689392,1,0
16,-7377004479023402858,1,0
16,5070413844955847732,1,0
16,-1633887856876571208,1,0
16,2573347998353828628,1,0
16,-9142957261685295367,1,0
16,-653184324994839917,1,0
16,-176336176557828468,1,0
16,5516228268441717785,1,1
16,-4439229031557999821,1,0
16,4811881744526295139,1,0
16,-3690515741167825076,1,0
16,-1849893607600785755,1,0
16,-1442117564365026203,1,0
16,-4532036554977283654,1,0
16,-1442117565864503182,1,0
16,4317667454960363316,1,0
16,4775896950989639373,1,0
16,-4927673987971080056,1,0
16,3539411977062898003,1,0
16,7324843852388795447,1,0
16,-3933093203642437561,1,0
16,7350968644104485537,1,0
16,9112463114311278255,1,0
16,-7548798304264329981,1,0
16,-1633912854767170738,1,0
16,6324195463245858362,1,0
16,7460082553072507347,1,0
16,-3659463965661490336,1,0
16,628020936226491308,1,0
16,6607018907660377991,1,0
16,7310940964635812162,1,0
18,6284164581582112235,1,1
18,5927333115845830913,1,0
18,-6590029937880196169,1,0
18,3433289601737013244,1,1
18,6324195578393301030,1,1
18,8693964245073640147,1,1
18,6965654211116534216,1,0
18,631917896003639611,1,1
18,-653184325026622087,1,0
18,8948670408023620661,1,1
18,-4986139885766870,1,0
18,2689721421138748406,1,0
18,-4986139885405704,1,0
18,-5839858269967688123,1,0
18,33792862810792679,1,0
18,1081301425634924658,1,0
18,-2339074173061010534,1,0
18,7378912078908392888,1,1
18,-1596342834117879984,1,0
18,3683147815759994238,1,0
18,6666573790395438502,1,1
18,-1562373526021293187,1,0
18,-6799509164833422300,1,0
19,-7076362497452843593,1,1
19,-506173428906005275,1,0
19,-1200607960388315089,1,0
19,-2366463673160493261,1,0
19,51927186418558461,1,0
19,7499170796297973860,1,0
19,-8885457271286017735,1,0
19,6324195578393301030,1,0
19,-1229355550180989761,1,0
19,-139532991022993378,1,0
19,-538096223173054689,1,0
19,-7064987569245986986,1,1
19,-653184325026622087,1,1
19,2758555607766375614,1,0
19,2689721421138748406,1,0
19,8954391386601805277,1,0
19,5824972015480403938,1,0
19,1000519352029378378,1,0
19,-6590473556670600053,1,0
19,-7415231132381671797,1,0
19,6290062395240548114,1,0
19,33792862810792679,1,0
19,4316647175415440080,1,0
19,-1633933922436094199,1,1
19,-974457023668610292,1,0
19,-7339430059748502738,1,0
19,-4950143259631681001,1,0
19,758012317456359902,1,0
19,-2339074173061010534,1,0
19,-1596342834117879984,1,0
19,3683147815759994238,1,0
19,628020936226491308,1,0
19,-3710246521590349982,1,0
19,4348659952760821294,1,0
19,5473861223576092671,1,0
19,6666573790395438502,1,0
19,-1633908186354644707,1,0
19,-1562373526021293187,1,0
19,-6799509164833422300,1,1
19,-3060988468431536700,1,0
19,-653191793837778174,1,0
25,6058196446775239644,1,0
25,4460014541697490352,1,0
25,-7377004479023402858,1,0
25,-2749636918832143997,1,0
25,-5368809411346728624,1,0
25,1001398498434380294,1,0
25,5927333115845830913,1,0
25,7316250158002095415,1,0
25,-6518851835179832207,1,0
25,8026407831917254841,1,0
25,2573347998353828628,1,0
25,-622901057413900676,1,0
25,-176336176557828468,1,0
25,8693964245073640147,1,0
25,6965654211116534216,1,1
25,4244331088397413857,1,0
25,-9100764281193500782,1,0
25,4373236688558782657,1,0
25,-4532036554977283654,1,0
25,8389550077382133157,1,0
25,-5839858269967688123,1,0
25,5824972015480403938,1,0
25,7971327257373737575,1,0
25,7348340405200054701,1,0
25,-3425831168385824047,1,0
25,6666573790390922930,1,0
25,7142467802021804804,1,0
25,-3377762563562413489,1,1
25,6384961448517234062,1,0
25,-479048675355935982,1,0
25,-4950143259631681001,1,0
25,6324195188493151546,1,0
25,7460082553072507347,1,0
25,628020936226491308,1,0
25,6602285879264922467,1,0
25,-3864848260969172656,1,0
25,4348659952760821294,1,0
29,6284164581582112235,1,1
29,5927333115845830913,1,0
29,3433289601737013244,1,1
29,8693964245073640147,1,1
29,5786744307712698105,1,0
29,-9129109839652417461,1,1
29,5099453940784075687,1,1
29,8948670408023620661,1,1
29,-5791102939414640022,1,0
29,553585858199078243,1,0
29,36846697861878974,1,1
29,-4797013166963657026,1,0
29,-6538188762242952077,1,1
30,-4808423132697102814,1,0
30,5927333115845830913,1,1
30,-6590029937880196169,1,1
30,2632326908921001951,1,0
30,-3139917224122487612,1,0
30,6324195652616170521,1,0
30,8693964245073640147,1,1
30,3352730443702988322,1,0
30,-654940422589147951,1,1
30,5099453940784075687,1,0
30,-2320783822570582843,1,0
30,4521626599305779338,1,0
30,6196012827688846723,1,0
30,-4052487659228654341,1,0
30,3621212521485809846,1,0
30,7350968644104485537,1,0
30,1183530713303335378,1,0
30,-4903991800006656153,1,1
30,-6689096779184407258,1,0
30,6607018907660377991,1,0
30,-6538188762242952077,1,0
30,4348659952760821294,1,0
30,3358418900419361927,1,0
35,-4119123268883159259,1,1
35,5927333115845830913,1,0
35,-5720078949152207372,1,0
35,3433289601737013244,1,1
35,3552207646238057279,1,0
35,7499170796297973860,1,0
35,-3955212733485100109,1,1
35,2400946782430959528,1,0
35,8693964245073640147,1,1
35,2577600876485430729,1,0
35,5909026859521337773,1,1
35,8948670408023620661,1,1
35,7323616220365507420,1,1
35,5302560163370202064,1,0
35,-5345781406488546445,1,1
35,-6590473556670600053,1,1
35,-6159006306231678365,1,1
35,-1730923279848558851,1,0
35,6666573793632706850,1,1
35,6236330376357924371,1,0
35,487766649788038994,1,0
35,7460082553072507347,1,0
35,-6600079746946574677,1,0
35,-6689096779184407258,1,0
35,-2917998150844653076,1,0
35,-4058540291884976463,1,0
35,4348659952760821294,1,1
36,-4942403953096833674,1,0
36,5927333115845830913,1,0
36,-1633887856876571208,1,0
36,3433289601737013244,1,1
36,1088227414300337900,1,0
36,8693964245073640147,1,0
36,5929992132079513994,1,0
36,7167114343576723123,1,0
36,-3479200078604969052,1,0
36,-6689096779184407258,1,0
36,-3537151735276037866,1,0
36,4348659952760821294,1,0
36,-1442117565864503182,1,0
39,6284164581582112235,1,1
39,5927333115845830913,1,1
39,7316250158002095415,1,0
39,1407319030949088160,1,0
39,-6123842999134898615,1,0
39,5694544884824978882,1,0
39,-3955212733485100109,1,1
39,8693964245073640147,1,1
39,5516228268441717785,1,1
39,4244331088397413857,1,0
39,8948670408023620661,1,1
39,-3635604636784374872,1,0
39,4775896950989639373,1,1
39,7326883590077430059,1,0
39,7350968644104485537,1,0
39,8825545577763135511,1,0
39,1088227414300337900,1,0
39,4915801350801294786,1,0
39,7167114343576723123,1,0
39,7378912078908392888,1,1
39,6223317103697015495,1,1
39,3683147815759994238,1,0
39,628020936226491308,1,1
39,-2164614892727348989,1,0
39,4348659952760821294,1,1
39,-8764672938472212518,1,0
39,7382322869122750519,1,0
39,-2455342469544759171,1,0
40,777445457686324013,1,1
40,5675310067009297995,1,0
40,6324194957022958681,1,0
40,8103908320656679592,1,0
40,-2102196853266493861,1,0
40,-1565639201954102762,1,0
40,-6433303544340899863,1,0
40,5532547474873314296,1,0
40,-9085479429366217361,1,0
40,3879845647105392250,1,0
40,8026408215240194585,1,0
40,-7575984524192093438,1,0
40,-1392165448113331658,1,0
40,-1849893607600785755,1,0
40,-1442117565864503182,1,0
40,7140875290462183693,1,0
40,4317667454960363316,1,0
40,7971327257373737575,1,0
40,-5822661983003034951,1,0
40,7350968644104485537,1,0
40,994861870340163076,1,0
40,8751313301734200933,1,0
40,-4950143259631681001,1,0
40,-7134986528414537740,1,0
40,628020936226491308,1,0
40,6666573791573454434,1,0
40,6602285879264922467,1,0
40,8863998120701930358,1,0
40,7138567686651211261,1,0
40,3433289601737013244,1,1
40,8876718467229380117,1,0
40,-1811694778100001269,1,0
40,4832455612756806176,1,0
40,176006816841598288,1,0
40,4236048822675145473,1,0
40,-4449960277756022210,1,0
40,-2500796950688718860,1,0
40,2202816106740916724,1,0
40,2577600876485430729,1,0
40,5190837081340518879,1,0
40,-1659056212576259512,1,0
40,3079007100675908537,1,0
40,-6655548058453751330,1,0
40,2630010870190956470,1,0
40,4521626599305779338,1,0
40,-3943532734749596459,1,0
40,6379073363595815308,1,0
40,-3396406014287499420,1,0
40,5729517255058371973,1,0
40,-619365883511148615,1,0
40,7323585663628099255,1,0
40,-9050100410106163077,1,0
40,-2237612462213986141,1,0
40,3683147815759994238,1,0
40,6179144321335024748,1,0
40,-2523400008005795572,1,0
40,6607018907660377991,1,0
40,5777874027562097106,1,0
40,-3864848260969172656,1,0
40,-9176145126830190329,1,0
40,-1633873313139722876,1,0
40,7608049693573834917,1,0
40,1195560952170062815,1,0
40,-2893242005486245564,1,0
40,-4367237914501451539,1,0
44,-7377004479023402858,1,0
44,5927333115845830913,1,1
44,-6590029937880196169,1,0
44,7316250158002095415,1,0
44,-653184325010919369,1,0
44,-4950898224933985021,1,1
44,8693964245073640147,1,1
44,1364545393663304239,1,0
44,4244331088397413857,1,0
44,-2637701113433273272,1,0
44,-8438435939794089197,1,0
44,7971327257373737575,1,0
44,-5301777493006977660,1,0
44,1665047061121005617,1,1
44,1088227414300337900,1,1
44,8146377439288127221,1,1
44,-329259848532828564,1,0
44,-833597783765019987,1,0
44,7167114343576723123,1,0
44,-538061441862183033,1,1
44,-4848282844511492915,1,1
44,-8669670269561971184,1,0
44,3395900001236628213,1,0
44,9136721329817567486,1,0
44,-3690515741167825076,1,1
44,-2735762224008754692,1,1
44,415869968065565173,1,1
44,4775896950989639373,1,1
44,-8022267440849930066,1,1
44,-265980681696218474,1,0
44,-7164737313972860089,1,0
44,2323199900409537928,1,0
44,4915801350801294786,1,0
44,1886578604601590220,1,0
44,-9104338291673814620,1,0
44,-6689096779184407258,1,0
44,6607018907660377991,1,0
44,-6172775651801283024,1,1
44,4348659952760821294,1,0
54,-5368809411346728624,1,1
54,5927333115845830913,1,1
54,-5720078949152207372,1,1
54,-6590029937880196169,1,1
54,3433289601737013244,1,1
54,758245148452694196,1,1
54,8693964245073640147,1,1
54,-6689096779184407258,1,1
54,4348659952760821294,1,0
58,2229153468836897886,1,1
58,-7377004479023402858,1,0
58,-1200607960388315089,1,0
58,5927333115845830913,1,1
58,1844932242214662557,1,1
58,-8103714741965524240,1,0
58,7316250158002095415,1,0
58,4743373741129926453,1,0
58,6666573791286858743,1,0
58,8693964245073640147,1,1
58,6666573783032938001,1,1
58,4244331088397413857,1,1
58,-8504475857937456387,1,1
58,8948670408023620661,1,1
58,4317667454960363316,1,1
58,-4986139885405704,1,0
58,2689721421138748406,1,0
58,6507914788758818830,1,0
58,7324843852388795447,1,0
58,-4533168039707605782,1,0
58,-1073344577746533072,1,0
58,33792862810792679,1,1
58,6666573794799464888,1,0
58,873984297759551988,1,1
58,-4950143259631681001,1,0
58,2232934249272371043,1,1
58,628020936226491308,1,1
58,-2476352224750295436,1,0
58,6666573790060558102,1,0
58,6666573794364469039,1,0
58,6284164581582112235,1,1
58,-5720078949152207372,1,0
58,3433289601737013244,1,1
58,7499170796297973860,1,0
58,-8885457271286017735,1,0
58,8845251844360692488,1,0
58,6324195652616170521,1,0
58,-653184324994839917,1,0
58,2577600876485430729,1,1
58,3352730443702988322,1,0
58,2658188953116565772,1,0
58,-653184325026622087,1,0
58,7348340405200054701,1,1
58,-7164737313972860089,1,0
58,4377590530406372538,1,0
58,-4020518904248117295,1,0
58,5729517255058371973,1,0
58,-1633913242315646368,1,1
58,-1918398536586953454,1,0
58,6783467533493320030,1,1
58,-2962409554765631427,1,1
58,3683147815759994238,1,0
58,-6689096779184407258,1,0
58,-3710246521590349982,1,0
58,4348659952760821294,1,0
58,6666573790395438502,1,0
58,-8764672938472212518,1,0
58,-5577604742451702341,1,0
58,-1562373526021293187,1,0
61,-4537038621200004048,1,0
61,5927333115845830913,1,0
61,-1633887856876571208,1,0
61,-653184325010919369,1,0
61,-5869357962680858299,1,0
61,1961990466164001614,1,0
61,2578544059086062464,1,0
61,8693964245073640147,1,0
61,7326208988820182795,1,0
61,-5289664197254534862,1,0
61,6666573783032938001,1,0
61,7318956472058153296,1,0
61,8096758179979414311,1,0
61,26833988989108533,1,0
61,-8504475857937456387,1,0
61,-2145434552412465677,1,0
61,-2320783822570582843,1,0
61,-196592189248911642,1,0
61,7928023034387058689,1,0
61,9112463075122588053,1,0
61,-5301777493006977660,1,0
61,33792862810792679,1,0
61,1088227414300337900,1,0
61,-4950143259631681001,1,0
61,-861266404539539653,1,0
61,7167114343576723123,1,0
61,-3659463965661490336,1,0
61,-538061441862183033,1,1
61,628020936226491308,1,0
61,-8306913357330257467,1,1
61,-8419415608372401979,1,0
61,-3467200097934864127,1,0
61,-145658454112781034,1,0
61,7499170796297973860,1,0
61,6666573792468194779,1,0
61,3352730443702988322,1,0
61,-8678568584846099664,1,0
61,8937295961381999078,1,0
61,5521284031585796822,1,0
61,415869968065565173,1,0
61,7550692134104585959,1,0
61,-3425831168385824047,1,0
61,-8022267440849930066,1,0
61,-1396225995653408698,1,0
61,5729517255058371973,1,0
61,-231314370348984389,1,0
61,4915801350801294786,1,0
61,9112463114311278255,1,0
61,3683147815759994238,1,0
61,7460082553072507347,1,0
61,-6689096779184407258,1,0
61,6279509966423362439,1,0
61,-6172775651801283024,1,0
61,-3864848260969172656,1,0
61,4348659952760821294,1,0
61,5555241584963651897,1,0
61,5174220482946459892,1,0
61,3717049149426646122,1,0
62,6284164581582112235,1,1
62,5927333115845830913,1,1
62,-2705586091545699763,1,1
62,3433289601737013244,1,1
62,2437683973119497887,1,1
62,-3955212733485100109,1,1
62,8693964245073640147,1,1
62,-1633938282180439957,1,1
62,5786744307703945981,1,1
62,5099453940784075687,1,1
62,8948670408023620661,1,1
62,-5177298655055814266,1,1
64,-6348271371010305426,1,0
64,5927333115845830913,1,0
64,4574657903816099535,1,0
64,-8446394436198082734,1,0
64,-145658454112781034,1,0
64,-5472633337921616096,1,0
64,360173083053693637,1,0
64,4366489620498896463,1,0
64,-8674377472518634165,1,0
64,-4449960277756022210,1,0
64,8693964245073640147,1,0
64,-4475974445183298125,1,0
64,-7904801204405952327,1,0
64,-7415261454408512527,1,0
64,6666573792468194779,1,0
64,6278903071002663530,1,0
64,4244331088397413857,1,0
64,2887917423598475134,1,0
64,5099453940784075687,1,0
64,-653184325026622087,1,0
64,-1405461761481355383,1,0
64,-4532036554977283654,1,0
64,-2657988959347799518,1,0
64,-196592189248911642,1,0
64,7348340405200054701,1,0
64,4521626599305779338,1,0
64,9073744619219773452,1,0
64,-1442117564989840135,1,0
64,-2688002458946832657,1,0
64,-1633913242315646368,1,0
64,-8345186165029874230,1,0
64,9112463114311278255,1,0
64,-4950143259631681001,1,0
64,758012317456359902,1,0
64,-9104338291673814620,1,0
64,8557198901083791098,1,1
64,-4903991800006656153,1,0
64,487766649788038994,1,0
64,3683147815759994238,1,0
64,7460082553072507347,1,0
64,-5305696816021977482,1,0
64,628020936226491308,1,0
64,-1633887970720036598,1,0
64,4348659952760821294,1,0
64,7370144952606940864,1,0
64,3717049149426646122,1,0
69,4307993802327364720,1,0
69,7066851025673552670,1,0
69,8483751493632839871,1,1
69,-7377004479023402858,1,0
69,-5368809411346728624,1,1
69,-344388763388666911,1,0
69,-1795740157468032841,1,0
69,6324194957022958681,1,0
69,6666573791286858743,1,0
69,8693964245073640147,1,1
69,6965654211116534216,1,0
69,8026408215240194585,1,0
69,-9031288389258268557,1,0
69,4244331088397413857,1,1
69,-8504475857937456387,1,1
69,2722294735539975203,1,0
69,-4532036554977283654,1,0
69,2353469805335273836,1,0
69,7140875290462183693,1,0
69,6507914788758818830,1,0
69,-196592189248911642,1,0
69,-4336942811280086820,1,0
69,1000519352029378378,1,0
69,-1073344577746533072,1,0
69,6366695241166225506,1,0
69,-3507529970483852351,1,0
69,33792862810792679,1,0
69,7350968644104485537,1,0
69,-2795659851748142451,1,1
69,-1633933922436094199,1,0
69,873984297759551988,1,0
69,1611513312743591454,1,0
69,-4950143259631681001,1,0
69,-2908897469671954240,1,0
69,6324195151974286652,1,0
69,-4867788435976563864,1,0
69,628020936226491308,1,1
69,-2476352224750295436,1,0
69,2896753789796387160,1,0
69,3358418900419361927,1,0
69,7370144952606940864,1,0
69,-395329709414760821,1,0
69,6284164581582112235,1,1
69,-2965816676333947380,1,0
69,3751440312065228394,1,0
69,3433289601737013244,1,1
69,-620222463165325829,1,0
69,8026407831917254841,1,1
69,-7633370358426043343,1,0
69,-145658454112781034,1,0
69,-915317915806284198,1,0
69,-4449960277756022210,1,0
69,-6286359971906860021,1,1
69,6999191916103059255,1,0
69,6666573792468194779,1,0
69,2577600876485430729,1,0
69,-1076038413886704670,1,0
69,-4439229031557999821,1,0
69,-1101022140703461335,1,0
69,-3923363630716707823,1,0
69,8954391386601805277,1,0
69,4521626599305779338,1,1
69,7348340405200054701,1,0
69,-2911715507561112383,1,0
69,-8022267440849930066,1,0
69,6379073363595815308,1,0
69,-4675006368614513044,1,0
69,1063568908764262393,1,0
69,596528045739680432,1,0
69,5729517255058371973,1,0
69,-1918398536586953454,1,0
69,-7509752927626140732,1,0
69,9112463114311278255,1,0
69,-7820272692511033587,1,0
69,3683147815759994238,1,0
69,7460082553072507347,1,1
69,6607018907660377991,1,0
69,-3710246521590349982,1,0
69,4348659952760821294,1,1
69,-5924787280098922359,1,1
69,-1562373526021293187,1,0
69,-5305692228635096563,1,0
70,-7377004479023402858,1,0
70,5927333115845830913,1,1
70,-6590029937880196169,1,0
70,7316250158002095415,1,0
70,-653184325010919369,1,1
70,2302157307855797257,1,0
70,8693964245073640147,1,1
70,8096758179979414311,1,0
70,4244331088397413857,1,0
70,-2145434552412465677,1,0
70,-2320783822570582843,1,1
70,2353469805335273836,1,0
70,-6344200655430756792,1,0
70,7140875290462183693,1,0
70,-5301777493006977660,1,0
70,7801337005543815402,1,0
70,3285254846448191634,1,0
70,7167114343576723123,1,1
70,-538061441862183033,1,1
70,7324914609217160422,1,0
70,628020936226491308,1,0
70,-2164614892727348989,1,0
70,-8942695423876075857,1,0
70,5070413844955847732,1,0
70,-5720078949152207372,1,0
70,-5643561002895867224,1,0
70,-8669670269561971184,1,0
70,2573347998353828628,1,0
70,-653184324994839917,1,0
70,-1633964053286305302,1,0
70,5668680070763304805,1,0
70,7384130355200108685,1,1
70,5990212993719420372,1,0
70,4775896950989639373,1,1
70,7957461986517060508,1,0
70,-8022267440849930066,1,0
70,5729517255058371973,1,0
70,9112463114311278255,1,0
70,-9050100410106163077,1,0
70,-6204463023598826834,1,0
70,-6172775651801283024,1,0
70,4348659952760821294,1,0
70,-8764672938472212518,1,0
70,-5305692228635096563,1,0
71,-7377004479023402858,1,0
71,-5368809411346728624,1,1
71,-7837601450634310677,1,0
71,5927333115845830913,1,1
71,6957638745499019624,1,0
71,-8446394436198082734,1,1
71,8693964245073640147,1,1
71,8347700285726457242,1,0
71,2577600876485430729,1,0
71,4244331088397413857,1,0
71,-5167126913085374292,1,0
71,5099453940784075687,1,1
71,2990510930019400489,1,1
71,-6344200655430756792,1,0
71,-8022267440849930066,1,0
71,3912166047925375205,1,0
71,-1633938282180439957,1,1
71,-6689096779184407258,1,0
71,4348659952760821294,1,0
71,-5305692228635096563,1,0
74,5927333115845830913,1,1
74,-5305727755345208179,1,0
74,-186202591447219461,1,0
74,8693964245073640147,1,1
74,-6689096779184407258,1,0
74,628020936226491308,1,0
74,-6172775651801283024,1,0
74,-5924787280098922359,1,1
74,-1074044343920923741,1,1
74,9191281777812604868,1,0
74,2990510930019400489,1,0
77,5909705644131785817,1,1
77,6284164581582112235,1,1
77,-7615807534493013569,1,1
77,5927333115845830913,1,1
77,-2708982260597284646,1,1
77,3433289601737013244,1,1
77,8026407831917254841,1,1
77,-3955212733485100109,1,1
77,8693964245073640147,1,1
77,6666573783032938001,1,1
77,-5167126913085374292,1,1
77,8948670408023620661,1,1
77,-2320783822570582843,1,1
77,-4927673987971080056,1,1
77,-838436904935055762,1,1
77,7348340405200054701,1,1
77,3173896974523903889,1,1
77,6518679091555506790,1,1
77,33792862810792679,1,1
77,2437683973119497887,1,1
77,-2962409554765631427,1,1
77,1081301425634924658,1,1
77,-8643482176984377147,1,1
77,7378912078908392888,1,1
77,-1596342834117879984,1,1
77,6223317103697015495,1,1
77,-4383592319996054991,1,1
77,4348659952760821294,1,1
77,2983357218357029801,1,1
77,-6799509164833422300,1,1
78,4296637564570566271,1,0
78,5927333115845830913,1,1
78,8693964245073640147,1,1
78,8557198901083791098,1,1
78,7311673937124094983,1,1
78,4113046078152056201,1,1
78,701031210314548601,1,0
78,4362314610248536791,1,0
78,-5791102939414640022,1,1
78,7536856914263861653,1,1
79,6324194999988696460,1,0
79,-7377004479023402858,1,0
79,-1672008108233983802,1,1
79,5927333115845830913,1,0
79,-1633887856876571208,1,0
79,-6590029937880196169,1,0
79,5273856179422000864,1,0
79,6324194957022958681,1,0
79,-143925234257082673,1,0
79,8693964245073640147,1,1
79,2460654806659045896,1,0
79,-4532036554977283654,1,0
79,-2320783822570582843,1,0
79,-1442117565864503182,1,0
79,-6344200655430756792,1,0
79,1689704520045277579,1,0
79,-4533168039707605782,1,0
79,4520814305107740039,1,0
79,7350968644104485537,1,0
79,-3489299980491241564,1,0
79,1088227414300337900,1,0
79,7167114343576723123,1,0
79,-3659463965661490336,1,0
79,628020936226491308,1,0
79,-8306913357330257467,1,0
79,-1758857579862594461,1,0
79,2669904305012198196,1,0
79,5070413844955847732,1,0
79,-690752112901237839,1,0
79,5516228268441717785,1,1
79,5190837081340518879,1,0
79,-516855315923945554,1,0
79,7326883590077430059,1,0
79,-7127164818073577920,1,1
79,5729517255058371973,1,0
79,9112463114311278255,1,0
79,-6523885758313726543,1,1
79,-2515380389388023522,1,0
79,4348659952760821294,1,0
79,-112564492675318250,1,0
79,-8081188987480965567,1,0
79,3717049149426646122,1,0
81,4460014541697490352,1,0
81,-5368809411346728624,1,1
81,5927333115845830913,1,1
81,-5782019072080042890,1,1
81,-4570841016171912968,1,1
81,8693964245073640147,1,1
81,-1398439828760446650,1,0
81,-5167126913085374292,1,0
81,7972973168877910199,1,0
81,-7785899510745619351,1,0
81,6091358109411027459,1,1
81,-2320783822570582843,1,1
81,6278918235420584598,1,1
81,-4533168039707605782,1,0
81,-17715907062754502,1,1
81,-3875126804472321228,1,0
81,-1633933922436094199,1,0
81,530415559366785528,1,0
81,2832371952299181020,1,0
81,2754687092414009833,1,0
81,3358418900419361927,1,0
81,-480784268340755814,1,0
81,2555734998750410231,1,1
81,5070413844955847732,1,0
81,5800733439573804275,1,1
81,4366489620498896463,1,0
81,-5010107147746880097,1,0
81,6666573792468194779,1,0
81,-653184325026622087,1,1
81,-5617926790284095062,1,0
81,-5839858269967688123,1,0
81,7348340405200054701,1,1
81,-1049178431836388535,1,1
81,-265980681696218474,1,0
81,-7680145830980282919,1,0
81,3162589798101133082,1,1
81,9112463114311278255,1,0
81,4757917127056227226,1,1
81,1886578604601590220,1,0
81,5397463036565051359,1,0
81,7460082553072507347,1,1
81,-5305696816021977482,1,0
81,-3864848260969172656,1,0
81,4348659952760821294,1,0
81,-3130816760729488660,1,1
82,3433289601737013244,1,1
82,-8504475857937456387,1,1
82,8860345968706868243,1,0
87,-7377004479023402858,1,0
87,-5025470775416984603,1,0
87,1001398498434380294,1,0
87,-8419415608372401979,1,0
87,-5720078949152207372,1,0
87,5927333115845830913,1,0
87,-5844223599289935217,1,0
87,4125737294287791576,1,0
87,9130261574838217531,1,0
87,-653184325010919369,1,0
87,8026407831917254841,1,0
87,7499170796297973860,1,0
87,5694544884824978882,1,0
87,3395900001236628213,1,0
87,8693964245073640147,1,0
87,7268209244654081983,1,0
87,3879845647105392250,1,0
87,5516228268441717785,1,1
87,6666573792468194779,1,0
87,2460654806659045896,1,0
87,5099453940784075687,1,0
87,-5105073025451884144,1,0
87,-3690515741167825076,1,0
87,6457436368919467767,1,0
87,-2131048447396626952,1,0
87,-2320783822570582843,1,0
87,6507914788758818830,1,0
87,-5839858269967688123,1,0
87,3539411977062898003,1,0
87,2732807808298989363,1,0
87,7950824258811965744,1,0
87,4521626599305779338,1,0
87,-8022267440849930066,1,0
87,-7164737313972860089,1,0
87,5729517255058371973,1,0
87,9112463114311278255,1,0
87,7167114343576723123,1,0
87,7460082553072507347,1,0
87,-6689096779184407258,1,0
87,628020936226491308,1,0
87,4348659952760821294,1,0
87,5203158459421976765,1,0
87,-2893242005486245564,1,0
87,-3820274682477294415,1,0
90,4307993802327364720,1,0
90,-7377004479023402858,1,0
90,5927333115845830913,1,0
90,-4293874077503687006,1,0
90,-6590029937880196169,1,0
90,-7633370358426043343,1,0
90,-5347699249214799411,1,0
90,8693964245073640147,1,1
90,6666573792468194779,1,0
90,4673805726198555014,1,0
90,-8504475857937456387,1,1
90,2666722854109296187,1,0
90,-1633867989493669411,1,0
90,6611625488841405564,1,0
90,8954391386601805277,1,0
90,5190837081306830787,1,0
90,7550692134104585959,1,0
90,7316939958396042571,1,0
90,4521626599305779338,1,1
90,-5839858269967688123,1,0
90,-3425831168385824047,1,0
90,7324843852388795447,1,0
90,7350968644104485537,1,0
90,5729517255058371973,1,0
90,-7586866737293864558,1,1
90,6868430133575209713,1,0
90,6783467533493320030,1,0
90,-7339430059748502738,1,0
90,-1633938282180439957,1,1
90,-3938663771964020509,1,1
90,3683147815759994238,1,0
90,-4867788435976563864,1,0
90,-3761477601267574921,1,0
90,628020936226491308,1,1
90,-4027474708642451474,1,0
90,-3710246521590349982,1,0
90,4348659952760821294,1,1
90,-3864848260969172656,1,0
90,-8807740666788515175,1,1
90,-1562373526021293187,1,0
90,-6793861127573349654,1,1
92,528590055286269542,1,0
92,-5368809411346728624,1,1
92,6284164581582112235,1,1
92,5927333115845830913,1,1
92,3433289601737013244,1,1
92,-3955212733485100109,1,1
92,8693964245073640147,1,1
92,-1398439828760446650,1,1
92,-653184325026622087,1,1
92,8948670408023620661,1,1
92,-479048675355935982,1,0
92,7378912078908392888,1,1
92,-5832956938759783061,1,0
92,-2917998150844653076,1,0
92,4348659952760821294,1,1
94,5927333115845830913,1,1
94,-186202591447219461,1,0
94,8693964245073640147,1,1
94,4110566033006989254,1,1
94,1665047061121005617,1,1
94,-479049531465127634,1,1
94,-538061441862183033,1,1
94,-2052227848038771497,1,1
95,8483751493632839871,1,1
95,-184022911061526437,1,1
95,6284164581582112235,1,1
95,5927333115845830913,1,1
95,-5720078949152207372,1,0
95,-1633887856876571208,1,0
95,3433289601737013244,1,1
95,-8669670269561971184,1,0
95,8845251844360692488,1,1
95,-653184324994839917,1,1
95,8693964245073640147,1,1
95,-4449960277756022210,1,0
95,-649224465541498412,1,0
95,-4475974445183298125,1,1
95,-6470868058642068725,1,0
95,-3473060463208403965,1,1
95,8948670408023620661,1,1
95,-5617926790284095062,1,0
95,4955831798976247953,1,0
95,415869968065565173,1,0
95,7140875290462183693,1,0
95,7324843852388795447,1,1
95,-8022267440849930066,1,1
95,-4336942811280086820,1,0
95,-6212537329228224389,1,0
95,33792862810792679,1,1
95,5101889773361273202,1,1
95,-6895783031497525617,1,1
95,-2769818012050738398,1,0
95,-9050100410106163077,1,0
95,-4950143259631681001,1,0
95,3683147815759994238,1,0
95,-6212537830788600605,1,1
95,628020936226491308,1,1
95,7014655825255656561,1,1
95,9067865285427638445,1,0
95,4348659952760821294,1,1
95,-1479757164083824581,1,0
95,-5527142071361660829,1,0
95,-1562373526021293187,1,0
95,7370144952606940864,1,0
99,-7054804880832650555,1,0
99,-5025470775416984603,1,0
99,-5305727755345208179,1,1
99,-5720078949152207372,1,0
99,5927333115845830913,1,0
99,-145658454108286043,1,0
99,4236048822675145473,1,1
99,3395900001236628213,1,0
99,8693964245073640147,1,1
99,-6286359971906860021,1,0
99,-7415261454408512527,1,0
99,6956699582426139508,1,1
99,8165649363453695304,1,1
99,1390467904297746529,1,0
99,-1491198667294647703,1,0
99,-1633873275751566466,1,0
99,8731692883148837185,1,0
99,-6106405072829590812,1,0
99,6379073363595815308,1,0
99,33792862810792679,1,0
99,-1633938282196176593,1,0
99,-2769818012050738398,1,0
99,5184363003896680453,1,0
99,7059931397706756640,1,0
99,9112463114311278255,1,0
99,-1633938282180439957,1,0
99,-4390582585308065759,1,0
99,-6689096779184407258,1,0
99,-2917998150844653076,1,0
99,-6538188762242952077,1,1
99,5761617171883037225,1,0
99,4348659952760821294,1,0
99,-1633883302010316757,1,0
99,6666573787994389937,1,0
99,79058588412612618,1,0
101,4307993802327364720,1,1
101,3722410295315095646,1,1
101,5022410548344972561,1,0
101,2229153468836897886,1,0
101,5927333115845830913,1,0
101,-1633887856876571208,1,0
101,7316250158002095415,1,0
101,6005664587289136647,1,0
101,-8446394436198082734,1,1
101,-2102196853266493861,1,0
101,8024047519993119192,1,1
101,-139532991022993378,1,0
101,8693964245073640147,1,1
101,6666573783032938001,1,0
101,3879845647105392250,1,0
101,-6605891972492390009,1,0
101,-9100764281193500782,1,0
101,6666573790390922930,1,1
101,-1073344577746533072,1,0
101,33792862810792679,1,0
101,6868430133575209713,1,1
101,-1633938282180439957,1,1
101,758012317456359902,1,0
101,-1633912854767170738,1,0
101,-2339074173061010534,1,0
101,1550452227759609327,1,0
101,6666573791573454434,1,0
101,-1633908186354644707,1,0
101,-1797458043180158718,1,1
101,3358418900419361927,1,0
101,-7324790317470458344,1,0
101,493389622665786650,1,0
101,-1633928745834755553,1,0
101,6924337203824723352,1,0
101,7316322978395310984,1,0
101,6324195578393301030,1,0
101,-8885457271286017735,1,0
101,-915317915806284198,1,0
101,-946085445888834060,1,0
101,9031785013782341235,1,0
101,-653184325026622087,1,0
101,-5832296940637985714,1,0
101,506977247017159424,1,0
101,5824972015480403938,1,0
101,-3425831168385824047,1,0
101,-8022267440849930066,1,0
101,-6590473556670600053,1,0
101,596528045739680432,1,0
101,5729517255058371973,1,0
101,-7509752927626140732,1,0
101,7323585663628099255,1,0
101,-974457023668610292,1,0
101,487766649788038994,1,0
101,-3938663771964020509,1,1
101,3683147815759994238,1,0
101,503004405096739699,1,0
101,-6212537830788600605,1,0
101,4348659952760821294,1,0
101,-6493194103110420302,1,0
101,-1562373526021293187,1,0
101,-6793861127573349654,1,1
102,1001398498434380294,1,1
102,-8419415608372401979,1,0
102,5927333115845830913,1,1
102,-1633887856876571208,1,0
102,-4788816465345290913,1,0
102,8693964245073640147,1,1
102,7318956472058153296,1,0
102,6365245642140162341,1,1
102,3911595244118730735,1,0
102,-2637701113433273272,1,0
102,4577477218294913687,1,0
102,-4532036554977283654,1,1
102,1088227414300337900,1,0
102,4757917127056227226,1,1
102,7167114343576723123,1,1
102,6602285879287508555,1,0
102,-4903991800006656153,1,1
102,4666840068701857621,1,0
102,-8306913357330257467,1,0
102,4348659952760821294,1,0
102,-3130816760729488660,1,1
102,2555734998750410231,1,1
104,5927333115845830913,1,1
104,-5720078949152207372,1,0
104,8678979293013114588,1,0
104,-4788816465345290913,1,0
104,954411143895094570,1,0
104,-4327775886540492944,1,0
104,2557298301755413131,1,1
104,6956699582426139508,1,1
104,4373236688558782657,1,1
104,-696916139019053623,1,0
104,8181328082200809725,1,1
104,6666573789806215571,1,0
104,-6689096779184407258,1,0
104,-2917998150844653076,1,0
104,3368594621507747164,1,0
104,7730537551718369205,1,0
104,-1372720250204741448,1,1
105,4307993802327364720,1,0
105,5927333115845830913,1,1
105,4828548453277771511,1,0
105,-145658454112781034,1,1
105,8693964245073640147,1,1
105,4742656071525783405,1,0
105,6666573792468194779,1,0
105,3911595244118730735,1,1
105,-1051230690008472563,1,0
105,-1442117565864503182,1,1
105,-1633912834745894481,1,0
105,1000519352029378378,1,0
105,-4950143259631681001,1,0
105,3673939281555480663,1,0
105,6705782151007918191,1,0
105,3683147815759994238,1,0
105,6340145257032539725,1,0
105,-6689096779184407258,1,1
105,628020936226491308,1,0
105,4348659952760821294,1,1
105,-1633883228692193644,1,0
105,-6493194103110420302,1,0
108,-7054804880832650555,1,0
108,-7837601450634310677,1,0
108,5927333115845830913,1,1
108,-5720078949152207372,1,0
108,-6590029937880196169,1,0
108,3552207646238057279,1,0
108,8869062246637976630,1,0
108,8693964245073640147,1,1
108,6666573792468194779,1,0
108,6956699582426139508,1,1
108,1390467904297746529,1,0
108,-7450405145824585063,1,0
108,-6295997392507196015,1,0
108,3122263113352683966,1,0
108,6666573790390922930,1,0
108,-3507529970483852351,1,0
108,7059931397706756640,1,0
108,-651612607503391866,1,1
108,1886578604601590220,1,0
108,-9104338291673814620,1,0
108,3683147815759994238,1,0
108,-4867788435976563864,1,0
108,3615327582913377069,1,1
108,-7054804877031077317,1,0
108,3717049149426646122,1,0
111,-1633973922549638389,1,0
111,-7377004479023402858,1,0
111,-506173428906005275,1,0
111,-4119123268883159259,1,0
111,-5696330257194422214,1,1
111,-2293373696366546761,1,0
111,5927333115845830913,1,0
111,-186202591447219461,1,0
111,5746171921399781458,1,0
111,4369622908848657126,1,0
111,929022368221188624,1,0
111,8693964245073640147,1,1
111,-3056752614072296151,1,0
111,-126575433386925744,1,0
111,-1442117565864503182,1,0
111,-2320783822570582843,1,0
111,-4986139885405704,1,0
111,-4927673987971080056,1,1
111,9076980214985578893,1,1
111,2705437723590691734,1,0
111,7122547620382751866,1,0
111,33792862810792679,1,0
111,-798287082457044664,1,0
111,6868430133575209713,1,0
111,-6159006306231678365,1,1
111,6510199518441288833,1,0
111,1183530713303335378,1,0
111,1956961590463942828,1,0
111,-3938663769340756239,1,1
111,-407697760279817468,1,0
111,628020936226491308,1,0
111,6989638496562408848,1,0
111,-1633908186354644707,1,0
111,6223750902972524415,1,0
111,-184022911061526437,1,0
111,5070413844955847732,1,0
111,6924337203824723352,1,0
111,-145658454112781034,1,0
111,6439247542005098738,1,0
111,7729785572027340678,1,0
111,-8271866350659046570,1,0
111,5977076905624192899,1,0
111,7550692134104585959,1,0
111,-5839858269967688123,1,0
111,-3425831168385824047,1,0
111,6666573790957269996,1,0
111,-7164737313972860089,1,0
111,-8670381419396917162,1,0
111,596528045739680432,1,0
111,5729517255058371973,1,0
111,-7586866737293864558,1,1
111,7323585663628099255,1,0
111,-2237612462213986141,1,0
111,-3938663771964020509,1,1
111,3683147815759994238,1,0
111,-6922429635537039162,1,0
111,4348659952760821294,1,0
111,5174220482946459892,1,0
111,-1562373526021293187,1,0
111,8388878903852543656,1,0
111,3717049149426646122,1,0
111,-6793861127573349654,1,1
112,8483751493632839871,1,0
112,6284164581582112235,1,1
112,5927333115845830913,1,1
112,-4293874077503687006,1,0
112,3433289601737013244,1,1
112,7499170796297973860,1,0
112,-3955212733485100109,1,1
112,8693964245073640147,1,1
112,6965654211116534216,1,0
112,5190837081340518879,1,0
112,-8678568584846099664,1,1
112,-653184325026622087,1,0
112,8573718163932041163,1,1
112,-2320783822570582843,1,1
112,-5839858269967688123,1,0
112,7348340405200054701,1,0
112,-8670045756254444686,1,0
112,4373268368372483132,1,0
112,1430251490109862963,1,0
112,6379073363595815308,1,0
112,33792862810792679,1,1
112,9112463267739110219,1,0
112,5729517255058371973,1,0
112,-3943652190894535955,1,0
112,-7339430059748502738,1,0
112,-4950143259631681001,1,0
112,6236330376357924371,1,0
112,3683147815759994238,1,0
112,-4867788435976563864,1,0
112,7460082553072507347,1,0
112,1550452227759609327,1,0
112,-3633968011973341760,1,0
112,628020936226491308,1,0
112,6279509966423362439,1,0
112,-3710246521590349982,1,0
112,4348659952760821294,1,0
112,7310940964635812162,1,0
112,-1633847771199774925,1,0
112,-1562373526021293187,1,0
114,-7377004479023402858,1,0
114,-2444332441561745907,1,0
114,5927333115845830913,1,0
114,-6590029937880196169,1,0
114,-1795740157468032841,1,0
114,929022368221188624,1,0
114,8693964245073640147,1,0
114,6666573783032938001,1,0
114,3879845647105392250,1,0
114,-3350486353854866204,1,0
114,-8504475857937456387,1,0
114,-2320783822570582843,1,0
114,-4533168039707605782,1,0
114,-7629331207390172531,1,0
114,-2164290257060956471,1,0
114,-324761265507882224,1,0
114,2873327471099863699,1,0
114,7350968644104485537,1,0
114,-7917074331669206897,1,0
114,2232934249272371043,1,0
114,8557198901083791098,1,0
114,8962636485340580361,1,0
114,628020936226491308,1,0
114,701031210314548601,1,0
114,5092210438051004004,1,0
114,-8252151501955259202,1,0
114,3486500724058650015,1,0
114,3358418900419361927,1,0
114,1001398498434380294,1,0
114,2812966432357257780,1,0
114,-145658454112781034,1,0
114,-3116838790102180634,1,0
114,6611625488841405564,1,0
114,-8723916479895117860,1,0
114,-8022267440849930066,1,0
114,4296637564570566271,1,0
114,4195878966163397913,1,0
114,826169399501526613,1,0
114,3364032031731117644,1,0
114,5729517255058371973,1,0
114,-4157429019404991985,1,0
114,-6689096779184407258,1,0
114,6607018907660377991,1,0
114,4348659952760821294,1,0
114,-5924787280098922359,1,0
116,-7054804880832650555,1,0
116,-5305727755345208179,1,0
116,5927333115845830913,1,0
116,-1633887856876571208,1,0
116,-576011053702260124,1,0
116,8693964245073640147,1,1
116,-8294516549489213008,1,0
116,-7450405145824585063,1,0
116,-6344200655430756792,1,0
116,-196592189248911642,1,0
116,-8976474465817740184,1,0
116,1000519352029378378,1,0
116,7350968644104485537,1,0
116,7801337005543815402,1,0
116,7485582568214420000,1,0
116,2594313482556379272,1,1
116,7167114343576723123,1,1
116,6665842266971713801,1,0
116,628020936226491308,1,0
116,1602113338852532821,1,0
116,8761493590535964257,1,0
116,-145658454112781034,1,0
116,8845251844360692488,1,0
116,5516228268441717785,1,0
116,6956699582426139508,1,1
116,1390467904297746529,1,0
116,8230114197108220747,1,0
116,9191281777812604868,1,0
116,4373268368372483132,1,0
116,-7164737313972860089,1,0
116,8181328082200809725,1,1
116,9112463114311278255,1,0
116,7059931397706756640,1,0
116,1886578604601590220,1,0
116,7460082553072507347,1,0
116,-1146527199113670874,1,0
116,4348659952760821294,1,0
116,-5305692228635096563,1,0
116,3717049149426646122,1,0
121,4307993802327364720,1,0
121,-4119123268883159259,1,0
121,4890748060033416723,1,0
121,5927333115845830913,1,0
121,7316250158002095415,1,0
121,3433289601737013244,1,1
121,8026407831917254841,1,0
121,7499170796297973860,1,0
121,4131471560814340765,1,0
121,1736448200603681029,1,0
121,8693964245073640147,1,0
121,5929992132079513994,1,0
121,6965654211116534216,1,0
121,-4475974445183298125,1,0
121,-8691453368477160018,1,0
121,-8266158021130658686,1,0
121,9031785013782341235,1,0
121,4244331088397413857,1,0
121,-1659056212576259512,1,0
121,-1849893607600785755,1,0
121,6611625488841405564,1,0
121,2689721421138748406,1,0
121,5824972015480403938,1,0
121,-3425831168385824047,1,0
121,3527164629941478796,1,0
121,-4020518904248117295,1,0
121,33792862810792679,1,0
121,7350968644104485537,1,0
121,5729517255058371973,1,0
121,6868430133575209713,1,0
121,-6159006306231678365,1,1
121,1081301425634924658,1,0
121,7223265587194047358,1,0
121,758012317456359902,1,0
121,8557198901083791098,1,0
121,-1633912854767170738,1,0
121,3683147815759994238,1,0
121,628020936226491308,1,0
121,6666573791573454434,1,0
121,6607018907660377991,1,0
121,-3710246521590349982,1,0
121,4348659952760821294,1,0
121,7310940964635812162,1,0
121,-1562373526021293187,1,0
121,7879511991685217492,1,0
122,-7306728226531308671,1,0
122,5927333115845830913,1,0
122,-6601252192501869472,1,0
122,8693964245073640147,1,0
122,-4449960277756022210,1,0
122,-5420266636455227765,1,0
122,1690495969217128010,1,0
122,4296637564570566271,1,0
122,-324761265507882224,1,0
122,-7415231132381671797,1,0
122,33792862810792679,1,0
122,5430667454710844136,1,0
122,-4950143259631681001,1,0
122,4666840068701857621,1,1
122,1550452227759609327,1,0
122,701031210314548601,1,1
122,4348659952760821294,1,0
122,5497109940653330488,1,0
122,-813732308580233175,1,0
123,-7377004479023402858,1,0
123,1563972705460100876,1,0
123,8770544922664467354,1,0
123,-5305727755345208179,1,0
123,-2238080940718076505,1,0
123,7316250158002095415,1,0
123,5927333115845830913,1,0
123,-7812721857676064795,1,0
123,2382929169072834762,1,0
123,-4342160781358735736,1,0
123,7326208988820182795,1,0
123,8693964245073640147,1,0
123,-4475974445183298125,1,0
123,8026408215240194585,1,0
123,3879845647105392250,1,0
123,631917896003639611,1,0
123,4244331088397413857,1,0
123,-3674991482088532990,1,0
123,6457436368919467767,1,0
123,-4992614781661197558,1,0
123,2689721421138748406,1,0
123,2353469805335273836,1,0
123,-13707940133340498,1,0
123,7157120844438732623,1,0
123,-2111337087740043992,1,0
123,7315635821428279978,1,0
123,6041398007802129062,1,0
123,6366695241166225506,1,0
123,1538962728253750182,1,0
123,-5324000882673780993,1,0
123,8282499120809800438,1,0
123,6666573794210429283,1,0
123,-2719377113056409226,1,0
123,-329259848532828564,1,0
123,-4950745894193247699,1,0
123,6666573791573454434,1,0
123,-6538188762242952077,1,0
123,6602285879264922467,1,0
123,7310940964635812162,1,0
123,-1633878251323252740,1,0
123,-8942695423876075857,1,0
123,-4788816465345479285,1,0
123,1001398498434380294,1,0
123,573194507580525672,1,0
123,-8077854116023997987,1,0
123,-145658454112781034,1,0
123,7499170796297973860,1,0
123,-2029514045394027993,1,0
123,-5472633337921616096,1,0
123,-313132659514916632,1,0
123,-7685129465082408908,1,0
123,5190837081340518879,1,0
123,6324194726711904949,1,0
123,-653184325026622087,1,0
123,-8218372276415404346,1,0
123,6655858571425961643,1,0
123,-5839858269967688123,1,0
123,-5764408212692140719,1,0
123,506850727991969865,1,0
123,2741492236339473237,1,0
123,5729517255058371973,1,0
123,8655639741590001413,1,0
123,5500110771702611013,1,0
123,4090550523842587959,1,0
123,-7592912245932244173,1,0
123,-2237612462213986141,1,0
123,3683147815759994238,1,0
123,-1398843908700553355,1,0
123,-6212537830788600605,1,0
123,-6922429635537039162,1,0
123,-3761477601267574921,1,0
123,1933609232841910454,1,0
123,4894701034722862623,1,0
123,-1633873313139722876,1,0
123,-4293874077503687006,1,0
123,-878427620153268670,1,0
123,-1795740157468032841,1,0
123,6324194957022958681,1,0
123,804959251341237248,1,0
123,2323816594546570360,1,0
123,-1489465915256175468,1,0
123,-9085479429366217361,1,0
123,-5305696817507929999,1,0
123,6666573783032938001,1,0
123,-3920809187919670746,1,0
123,-3350486353854866204,1,0
123,-3925315644911287345,1,0
123,-4748590097589752312,1,0
123,-1849893607600785755,1,0
123,1445303520276417658,1,0
123,3021828573456053312,1,0
123,-7493115833487605201,1,0
123,-2320783822570582843,1,0
123,7140875290462183693,1,0
123,-4927673987971080056,1,0
123,-4129780000231136968,1,0
123,-1085118520074653918,1,0
123,7971327257373737575,1,0
123,-4942403953096833674,1,0
123,1695945028847694911,1,0
123,8644626666032626504,1,0
123,-3875126804472321228,1,0
123,33792862810792679,1,0
123,-540770206168943425,1,0
123,7837049566170864452,1,0
123,-1596342834117879984,1,0
123,628020936226491308,1,0
123,-4547357956657275284,1,0
123,3442455495106057530,1,0
123,-4550209074213737101,1,0
123,3358418900419361927,1,0
123,-1043843386262755990,1,0
123,-6799509164833422300,1,0
123,7658937949863532549,1,0
123,-7643665251148869504,1,0
123,133287210618543163,1,0
123,-395329709414760821,1,0
123,-5025470775416984603,1,0
123,-411853712249095096,1,0
123,2856131954568895745,1,0
123,8761493590535964257,1,0
123,8026407831917254841,1,0
123,2888166882728405177,1,0
123,-653184324994839917,1,0
123,-4449960277756022210,1,0
123,-3200478542676511144,1,0
123,5466990789592937334,1,0
123,2577600876485430729,1,0
123,3352730443702988322,1,0
123,-5105073025451884144,1,0
123,-2573239141534432308,1,0
123,4610643279101486069,1,0
123,7348340405200054701,1,0
123,4521626599305779338,1,0
123,-7412173126641592346,1,0
123,-3425831168385824047,1,0
123,-4577196685860147270,1,0
123,-6212537329228224389,1,0
123,-4675006368614513044,1,0
123,-3377762563562413489,1,1
123,36846697861878974,1,0
123,-974457023668610292,1,0
123,9112463114311278255,1,0
123,588768885578227461,1,0
123,7770007387421327406,1,0
123,7460082553072507347,1,0
123,7734373599084154974,1,0
123,5048439345376999245,1,0
123,4348659952760821294,1,0
123,-5577604742451702341,1,0
123,-3820274682477294415,1,0
123,-1562373526021293187,1,0
123,3717049149426646122,1,0
124,-1200607960388315089,1,0
124,5927333115845830913,1,1
124,51927186418558461,1,0
124,8693964245073640147,1,1
124,-6927543842380709929,1,0
124,-7415261454408512527,1,1
124,-653184325026622087,1,0
124,-5617926790284095062,1,0
124,2689721421138748406,1,1
124,-4986139885405704,1,0
124,-2871877343592442556,1,0
124,5824972015480403938,1,1
124,-196592189248911642,1,0
124,6666573790957269996,1,0
124,1665047061121005617,1,1
124,-1633933922436094199,1,0
124,-974457023668610292,1,0
124,3683147815759994238,1,1
124,-538061441862183033,1,1
124,6721098019845469696,1,0
124,628020936226491308,1,1
124,6989638496562408848,1,1
124,4348659952760821294,1,1
124,-1633908186354644707,1,0
124,7517563354657952064,1,1
125,-3400200253891667683,1,1
125,6666573794364469039,1,1
125,3340028712338427469,1,0
125,5927333115845830913,1,0
125,8026407831917254841,1,0
125,-145658454112781034,1,0
125,6324194957022958681,1,0
125,-2741012149416437677,1,0
125,-5472633337921616096,1,0
125,8693964245073640147,1,1
125,5611317768433566721,1,0
125,-4999931938126023656,1,0
125,8034019485422144108,1,0
125,-1633964240010546747,1,0
125,-5617926790284095062,1,0
125,429374175315151221,1,1
125,-2320783822570582843,1,1
125,5824972015480403938,1,0
125,6666573790390922930,1,0
125,4296637564570566271,1,0
125,-324761265507882224,1,0
125,2784255869128134945,1,0
125,6868430133575209713,1,0
125,-1633938282180439957,1,1
125,7460082553072507347,1,0
125,1977658975649789753,1,0
125,595344243043157836,1,0
125,-6689096779184407258,1,0
125,-4383592319996054991,1,0
125,4348659952760821294,1,0
125,1287955830117145669,1,0
125,3358418900419361927,1,0
125,1061207043315821111,1,0
127,5927333115845830913,1,1
127,-1633887856876571208,1,0
127,5273856179422000864,1,0
127,-653184325010919369,1,0
127,-4950898224933985021,1,0
127,7326208988820182795,1,0
127,6021688008523295900,1,0
127,8693964245073640147,1,1
127,-6470868058642068725,1,0
127,-5167126913085374292,1,0
127,1261332316628097511,1,0
127,-2637701113433273272,1,0
127,2353469805335273836,1,1
127,-881747732475538255,1,0
127,1088227414300337900,1,1
127,-5309037015500363305,1,0
127,7167114343576723123,1,0
127,3374268277914449274,1,1
127,628020936226491308,1,0
127,6666573791573454434,1,0
127,-1758857579862594461,1,0
127,-8942695423876075857,1,0
127,3358418900419361927,1,0
127,2555734998750410231,1,0
127,8026407831917254841,1,0
127,5516228268441717785,1,0
127,5190837081340518879,1,0
127,4775896950989639373,1,1
127,-5839858269967688123,1,0
127,-8022267440849930066,1,0
127,5855265759031407630,1,0
127,4915801350801294786,1,0
127,1467726387523037288,1,0
127,7460082553072507347,1,0
127,4348659952760821294,1,1
127,5555241584963651897,1,0
127,5497109940653330488,1,0
129,-7164737313972860089,1,0
129,5927333115845830913,1,1
129,-5720078949152207372,1,0
129,8026407831917254841,1,0
129,2437683973119497887,1,0
129,5506106657614350041,1,1
129,9112463114311278255,1,0
129,8693964245073640147,1,1
129,3039209606161708684,1,0
129,7167114343576723123,1,1
129,-3690080769953026421,1,0
129,8748186572227813281,1,0
129,4348659952760821294,1,0
129,-1405461761481355383,1,0
130,3722410295315095646,1,1
130,-506173428906005275,1,0
130,-1200607960388315089,1,0
130,5927333115845830913,1,1
130,-4293874077503687006,1,0
130,-6590029937880196169,1,1
130,380873100081666873,1,0
130,-1795740157468032841,1,0
130,7730462011310635131,1,0
130,-65989784644875181,1,0
130,6545609734483245424,1,0
130,6666573791286858743,1,0
130,8693964245073640147,1,1
130,6965654211116534216,1,0
130,8034019485422144108,1,0
130,8948670408023620661,1,1
130,-4532036554977283654,1,1
130,2689721421138748406,1,1
130,-2320783822570582843,1,1
130,4506499220103737447,1,0
130,7495715957403479953,1,1
130,2696696599994101782,1,0
130,-1073344577746533072,1,0
130,33792862810792679,1,0
130,6666573794799464888,1,0
130,7311602834392869306,1,1
130,-1633933922436094199,1,0
130,-336973510151417349,1,0
130,1081301425634924658,1,0
130,-4950143259631681001,1,0
130,758012317456359902,1,0
130,-4867788435976563864,1,0
130,1919990081572238302,1,0
130,628020936226491308,1,1
130,-4383592319996054991,1,1
130,-4361453417043092299,1,1
130,3358418900419361927,1,1
130,-6799509164833422300,1,0
130,6666573789489406869,1,0
130,6284164581582112235,1,1
130,3433289601737013244,1,1
130,-7633370358426043343,1,0
130,7972619956780338903,1,0
130,7499170796297973860,1,0
130,-8885457271286017735,1,0
130,6324195578393301030,1,0
130,8845251844360692488,1,0
130,-3955212733485100109,1,1
130,5103287220863072824,1,0
130,-5256886799847508758,1,1
130,5190837081340518879,1,0
130,3352730443702988322,1,0
130,-8678568584846099664,1,1
130,2658188953116565772,1,0
130,-653184325026622087,1,1
130,502665604573257504,1,0
130,3744849393231249922,1,0
130,-1405461761481355383,1,0
130,3527164629941478796,1,1
130,4316647175415440080,1,0
130,5729517255058371973,1,1
130,-7509752927626140732,1,0
130,-6501870198509153933,1,0
130,-7339430059748502738,1,0
130,-4695744088119123892,1,0
130,-4687118535180375646,1,0
130,-2360690902066201513,1,0
130,3683147815759994238,1,0
130,-3710246521590349982,1,0
130,4348659952760821294,1,1
130,5473861223576092671,1,0
130,6666573790395438502,1,0
130,-3273709665375426585,1,0
130,-8764672938472212518,1,0
130,7311642977675782428,1,0
130,5497109940653330488,1,1
130,-1562373526021293187,1,0
130,3717049149426646122,1,1
130,3739480087766944321,1,0
136,-7377004479023402858,1,0
136,-1200607960388315089,1,0
136,5927333115845830913,1,0
136,-6590029937880196169,1,0
136,8168066385224074562,1,0
136,-830487677846774729,1,0
136,-2741012149416437677,1,0
136,-176336176557828468,1,0
136,8693964245073640147,1,0
136,6666573783032938001,1,0
136,6965654211116534216,1,0
136,-3732845988372323676,1,0
136,4244331088397413857,1,0
136,-5167126913085374292,1,0
136,-1849893607600785755,1,0
136,-5540783949968746354,1,0
136,-4532036554977283654,1,0
136,2689721421138748406,1,0
136,-196592189248911642,1,0
136,1883678791934985414,1,0
136,33792862810792679,1,0
136,6666573794799464888,1,0
136,-1633933922436094199,1,0
136,1611513312743591454,1,0
136,-3966079227877634876,1,0
136,-4950143259631681001,1,0
136,1081301425634924658,1,0
136,-1633912854767170738,1,0
136,-1633968833026731505,1,0
136,-4867788435976563864,1,0
136,628020936226491308,1,0
136,6489166276122938763,1,1
136,-8942695423876075857,1,0
136,-4550209074213737101,1,0
136,3358418900419361927,1,0
136,6218488276268792636,1,0
136,1001398498434380294,1,0
136,8026407831917254841,1,0
136,7499170796297973860,1,0
136,8845251844360692488,1,0
136,4109858127972970187,1,0
136,-653184324994839917,1,0
136,3395900001236628213,1,0
136,7239580392992438725,1,0
136,3039209606161708684,1,0
136,4085378656238508365,1,0
136,-2633518405377083261,1,0
136,2577600876485430729,1,0
136,3352730443702988322,1,0
136,-8678568584846099664,1,0
136,9136721329817567486,1,0
136,-653184325026622087,1,0
136,8954391386601805277,1,0
136,-5764408212692140719,1,0
136,4521626599305779338,1,0
136,5637323995618605502,1,0
136,-4986196899447205,1,0
136,-7164737313972860089,1,0
136,-6647141345223755653,1,0
136,-7680145830980282919,1,0
136,-3377762563562413489,1,1
136,5729517255058371973,1,0
136,-7339430059748502738,1,0
136,5500110771702611013,1,0
136,9112463114311278255,1,0
136,7770007387421327406,1,0
136,4823113713035544225,1,0
136,3683147815759994238,1,0
136,7460082553072507347,1,0
136,6179144321335024748,1,0
136,1933609232841910454,1,0
136,6607018907660377991,1,0
136,-3710246521590349982,1,0
136,4348659952760821294,1,0
136,-8764672938472212518,1,0
136,-1562373526021293187,1,0
136,3717049149426646122,1,0
138,-153151482573699264,1,0
138,-7377004479023402858,1,0
138,5927333115845830913,1,0
138,-861327240735059534,1,0
138,-8103714741965524240,1,0
138,-1795740157468032841,1,0
138,-3692743405928313337,1,0
138,-2741012149416437677,1,0
138,929022368221188624,1,0
138,2323816594546570360,1,0
138,-176336176557828468,1,0
138,8693964245073640147,1,0
138,8948114380222086088,1,0
138,6666573783032938001,1,0
138,-8438435939794089197,1,0
138,2065656980345663678,1,0
138,7140875290462183693,1,0
138,-5791102939414640022,1,0
138,-196592189248911642,1,0
138,1695945028847694911,1,0
138,2705437723590691734,1,0
138,1645672305791679515,1,0
138,-3875126804472321228,1,0
138,5508673276747998511,1,0
138,3008686145912661240,1,0
138,-4950143259631681001,1,0
138,8026407832530984885,1,0
138,-1633912854767170738,1,0
138,9067865285427638445,1,0
138,1001398498434380294,1,0
138,3751440312065228394,1,0
138,7499170796297973860,1,0
138,6666573789806453467,1,0
138,-653184324994839917,1,0
138,-8674377472518634165,1,0
138,-2597071991611493173,1,0
138,-538096223173054689,1,0
138,-3899957439420664003,1,0
138,-2633518405377083261,1,0
138,5190837081340518879,1,0
138,8253268455642100311,1,0
138,6324195462354721428,1,1
138,-2601063888892814087,1,1
138,-8670045756254444686,1,0
138,-5763941894920060721,1,0
138,7348340405200054701,1,0
138,-538147649776686807,1,0
138,-7246928535704521021,1,0
138,-8022267440849930066,1,0
138,-6212537329228224389,1,0
138,5729517255058371973,1,0
138,-170784368645337670,1,0
138,6602285879287508555,1,0
138,7770007387421327406,1,0
138,-4903991800006656153,1,0
138,7734373599084154974,1,0
138,-6212537830788600605,1,0
138,-5305696816021977482,1,0
138,6607018907660377991,1,0
138,4348659952760821294,1,0
138,6666573790395438502,1,0
138,-8764672938472212518,1,0
138,7311642977675782428,1,0
138,308071628304514894,1,0
139,3722410295315095646,1,0
139,2229153468836897886,1,1
139,-1633857878693155547,1,0
139,-1200607960388315089,1,0
139,5927333115845830913,1,1
139,-2366463673160493261,1,0
139,-4293874077503687006,1,0
139,6666573791286858743,1,0
139,8693964245073640147,1,1
139,-8084560962802706831,1,0
139,-963827991275935157,1,0
139,7513924292025604876,1,0
139,6752070368761167813,1,0
139,631917896003639611,1,0
139,4396019020798556878,1,0
139,26833988989108533,1,0
139,7539824547929611810,1,1
139,-2320783822570582843,1,1
139,-4532036554977283654,1,0
139,2758555607766375614,1,0
139,2689721421138748406,1,0
139,-1025376319773210260,1,0
139,6666573794799464888,1,0
139,6868430133575209713,1,0
139,1081301425634924658,1,0
139,-1596342834117879984,1,1
139,628020936226491308,1,1
139,8748186572227813281,1,0
139,7310940964635812162,1,0
139,-2096005745705641246,1,0
139,-1633908186354644707,1,0
139,-6799509164833422300,1,1
139,-5888075291675335071,1,0
139,5909705644131785817,1,1
139,-7076362497452843593,1,1
139,7758965494084320814,1,0
139,6082420183930845856,1,0
139,6666573789489406869,1,0
139,-6518851835179832207,1,0
139,-3180035650633224773,1,0
139,7316322978395310984,1,0
139,6792270137491452041,1,0
139,-1633912816187681087,1,0
139,-915317915806284198,1,0
139,1387044344370560378,1,0
139,1308370063176746269,1,0
139,-538096223173054689,1,0
139,1971824689392570412,1,0
139,7824774090382343969,1,1
139,-4986139885714862,1,0
139,-8678568584846099664,1,1
139,-1633847426929280804,1,0
139,-4986139885766870,1,0
139,6611625488841405564,1,0
139,8954391386601805277,1,0
139,-5839858269967688123,1,0
139,-3425831168385824047,1,0
139,6666573790957269996,1,0
139,-6590473556670600053,1,0
139,6290062395240548114,1,0
139,4316647175415440080,1,0
139,7851187388862225642,1,0
139,-7509752927626140732,1,0
139,-974457023668610292,1,0
139,1106708779410781273,1,0
139,-8643482176984377147,1,0
139,487766649788038994,1,1
139,3683147815759994238,1,0
139,-6922429635537039162,1,0
139,7460082553072507347,1,0
139,7326840348208892416,1,0
139,-3710246521590349982,1,0
139,5473861223576092671,1,0
139,6666573790395438502,1,0
139,-1891982968883640514,1,0
139,-1562373526021293187,1,0
139,-3060988468431536700,1,0
139,5497109940653330488,1,0
139,-813732308580233175,1,1
142,-184022911061526437,1,0
142,5017628238345397727,1,0
142,7316250158002095415,1,0
142,758245148452694196,1,1
142,8693964245073640147,1,0
142,6439247542005098738,1,0
142,-7326028557043231768,1,1
142,-8151348755203470513,1,1
142,-5617926790284095062,1,0
142,5977076905624192899,1,0
142,-6212537329228224389,1,0
142,-5345781406488546445,1,1
142,7122547620382751866,1,0
142,6666573793632706850,1,1
142,-6212537830788600605,1,0
142,7311673937124094983,1,0
142,-6822211811375838288,1,0
142,1862412822262232272,1,0
142,-5547144423258546679,1,0
142,-1797458043180158718,1,0
142,7311642977675782428,1,0
142,8388878903852543656,1,0
143,4307993802327364720,1,1
143,-506173428906005275,1,0
143,-4119123268883159259,1,1
143,5927333115845830913,1,1
143,7316250158002095415,1,0
143,51927186418558461,1,1
143,4743373741129926453,1,0
143,8693964245073640147,1,1
143,-4475974445183298125,1,0
143,4244331088397413857,1,0
143,-6605891972492390009,1,1
143,821634886970639617,1,0
143,-4992614781661197558,1,0
143,2689721421138748406,1,1
143,-705153739697591811,1,1
143,-6159006306231678365,1,1
143,1717387080002681836,1,0
143,-4950143259631681001,1,0
143,7324914609217160422,1,0
143,6602285879264922467,1,0
143,7310940964635812162,1,0
143,-1633908186354644707,1,0
143,-480784268340755814,1,0
143,-2765610472584122460,1,0
143,5909705644131785817,1,1
143,1001398498434380294,1,0
143,-5720078949152207372,1,1
143,4574657903816099535,1,0
143,-7633370358426043343,1,0
143,7499170796297973860,1,0
143,6324195578393301030,1,0
143,-5472633337921616096,1,1
143,-1408844619652930413,1,0
143,-7415261454408512527,1,0
143,6666573792468194779,1,0
143,-653184325026622087,1,1
143,3744849393231249922,1,0
143,6611625488841405564,1,1
143,8954391386601805277,1,0
143,5824972015480403938,1,0
143,-5839858269967688123,1,0
143,-8022267440849930066,1,1
143,6666573790957269996,1,0
143,6379073363595815308,1,0
143,-7509752927626140732,1,0
143,1886578604601590220,1,0
143,3683147815759994238,1,1
143,-6922429635537039162,1,1
143,-6689096779184407258,1,0
143,6607018907660377991,1,0
143,-5924787280098922359,1,1
143,4460014541697490352,1,0
143,-1200607960388315089,1,0
143,2241746028978395754,1,1
143,-4085686983594738208,1,0
143,3915130705383011296,1,1
143,-2741012149416437677,1,0
143,929022368221188624,1,0
143,-2102196853266493861,1,0
143,-6927543842380709929,1,0
143,4396019020798556878,1,0
143,26833988989108533,1,1
143,-2320783822570582843,1,1
143,7971327257373737575,1,0
143,2705437723590691734,1,0
143,8008831828642945232,1,0
143,-3507529970483852351,1,0
143,33792862810792679,1,0
143,5736986478023572714,1,0
143,758012317456359902,1,0
143,-1596342834117879984,1,1
143,-4867788435976563864,1,0
143,-407697760279817468,1,0
143,-2917998150844653076,1,0
143,6989638496562408848,1,1
143,8748186572227813281,1,0
143,7370144952606940864,1,0
143,7536856914263861653,1,0
143,-7020654533029760246,1,0
143,-8138772118524092219,1,0
143,5070413844955847732,1,0
143,2856131954568895745,1,0
143,8845251844360692488,1,1
143,-8674377472518634165,1,1
143,-2633518405377083261,1,1
143,-1547489629229170517,1,1
143,2577600876485430729,1,0
143,-8678568584846099664,1,1
143,-4439229031557999821,1,0
143,6324195462354721428,1,0
143,-5617926790284095062,1,0
143,5977076905624192899,1,0
143,2437683973119497887,1,1
143,-7628231288157709391,1,0
143,7323585663628099255,1,1
143,9112463114311277993,1,0
143,487766649788038994,1,1
143,-2802019064591725715,1,1
143,7460082553072507347,1,0
143,-5305696816021977482,1,0
143,4348659952760821294,1,0
143,6666573790395438502,1,1
143,-8807740666788515175,1,0
143,5497109940653330488,1,0
143,3717049149426646122,1,0
145,5861860846205000600,1,0
145,5927333115845830913,1,0
145,3552207646238057279,1,0
145,-8446394436198082734,1,1
145,7499170796297973860,1,0
145,-653184324994839917,1,1
145,8693964245073640147,1,1
145,6965654211116534216,1,0
145,2180841119774392813,1,0
145,4244331088397413857,1,1
145,-653184325026622087,1,0
145,429374175315151221,1,1
145,-4927673987971080056,1,1
145,6655858571425961643,1,1
145,-196592189248911642,1,0
145,7348340405200054701,1,0
145,4521626599305779338,1,0
145,-4533168039707605782,1,1
145,-5301777493006977660,1,0
145,-3507529970483852351,1,0
145,4955988348374754602,1,0
145,-5324000882673780993,1,0
145,-1509294816432148611,1,0
145,-2917998150844653076,1,0
145,-8614169335921178364,1,0
145,4348659952760821294,1,1
145,-2476352224750295436,1,1
145,-1633873313139722876,1,0
145,7310940964635812162,1,0
145,1193348255421642765,1,0
145,3717049149426646122,1,0
149,2229153468836897886,1,0
149,-17685413671869698,1,0
149,5927333115845830913,1,0
149,-653184325035595583,1,0
149,8693964245073640147,1,0
149,-7397795381217799691,1,0
149,8096758179979414311,1,0
149,4244331088397413857,1,0
149,-7541615299667433686,1,0
149,8428396677351457947,1,0
149,-2145434552412465677,1,0
149,821634886970639617,1,0
149,-4532036554977283654,1,0
149,-2320783822570582843,1,0
149,-6344200655430756792,1,0
149,-196592189248911642,1,0
149,-4498799198195267529,1,0
149,1923814882670317344,1,0
149,6297942171711995483,1,0
149,-1169833384053497945,1,0
149,-5301777493006977660,1,0
149,9112463075122588053,1,0
149,5954022267082441029,1,0
149,33792862810792679,1,0
149,7801337005543815402,1,0
149,-1633933922436094199,1,0
149,873984297759551988,1,0
149,-833597783765019987,1,0
149,-861266404539539653,1,0
149,-6295932190539641642,1,0
149,-538061441862183033,1,1
149,628020936226491308,1,0
149,-8942695423876075857,1,0
149,3358418900419361927,1,0
149,-1234297064722937607,1,0
149,5909705644131785817,1,1
149,176006816841598288,1,0
149,13470321135823145,1,0
149,9031785013782341235,1,0
149,6324195462354721428,1,0
149,8937295961381999078,1,0
149,-653184325026622087,1,0
149,4373236688558782657,1,0
149,-5832296940637985714,1,0
149,415869968065565173,1,0
149,8954391386601805277,1,0
149,4521626599305779338,1,0
149,-8022267440849930066,1,0
149,-6212537329228224389,1,0
149,6666573790957269996,1,0
149,596528045739680432,1,0
149,-7509752927626140732,1,0
149,7323585663628099255,1,0
149,9112463114311278255,1,0
149,-8643482176984377147,1,0
149,3683147815759994238,1,0
149,-6922429635537039162,1,0
149,-6212537830788600605,1,0
149,-5305696816021977482,1,0
149,4348659952760821294,1,0
149,2190219843825381488,1,0
149,-4327193567921726077,1,0
149,6666573790395438502,1,0
149,-5924787280098922359,1,0
149,1193348255421642765,1,0
149,3717049149426646122,1,0
149,3384872420679854762,1,0
149,1757044000527607662,1,0
151,2229153468836897886,1,0
151,4460014541697490352,1,0
151,5927333115845830913,1,0
151,-1633887856876571208,1,0
151,7316250158002095415,1,0
151,-6590029937880196169,1,0
151,-653184325010919369,1,0
151,5273856179422000864,1,0
151,8400716239275067558,1,0
151,-2102196853266493861,1,0
151,2636677389676687785,1,0
151,8693964245073640147,1,0
151,-3732845988372323676,1,0
151,-6470868058642068725,1,0
151,5099453940784075687,1,0
151,-2637701113433273272,1,0
151,-2320783822570582843,1,0
151,2942713649594926147,1,0
151,33792862810792679,1,0
151,6196058142670109365,1,0
151,-4950143259631681001,1,0
151,1183530713303335378,1,0
151,-7415256319939350646,1,0
151,7167114343576723123,1,0
151,-628177381309085483,1,0
151,628020936226491308,1,0
151,-1758857579862594461,1,0
151,3358418900419361927,1,0
151,7536856914263861653,1,0
151,6666573794364469039,1,0
151,-877800435437921994,1,0
151,-5720078949152207372,1,0
151,-690752112901237839,1,0
151,6756154674856760303,1,0
151,-7351082042172867180,1,0
151,-450723994850216235,1,0
151,2577600876485430729,1,0
151,3352730443702988322,1,0
151,-4439229031557999821,1,0
151,4362314610248536791,1,0
151,-488874431843369588,1,0
151,-3078547693446908476,1,0
151,-3425831168385824047,1,0
151,777063747587395023,1,0
151,299635059949249564,1,0
151,7323585663628099255,1,0
151,6602285879287508555,1,0
151,-5305696816021977482,1,0
151,8224080805508290532,1,0
151,6607018907660377991,1,0
151,4348659952760821294,1,0
152,-7745076081943986520,1,0
152,4460014541697490352,1,0
152,-4119123268883159259,1,1
152,2330237574372846585,1,0
152,5927333115845830913,1,0
152,6924337203824723352,1,0
152,8693964245073640147,1,0
152,2577600876485430729,1,0
152,4244331088397413857,1,0
152,-8294516549489213008,1,0
152,-5791102939414640022,1,0
152,5190837081306830787,1,0
152,7324843852388795447,1,0
152,4521626599305779338,1,0
152,-5301777493006977660,1,0
152,33792862810792679,1,0
152,-6159006306231678365,1,0
152,9112463114311278255,1,0
152,-9122065505742320794,1,0
152,-1633912854767170738,1,0
152,-1929819192633057827,1,0
152,-6922429635537039162,1,0
152,-538061441862183033,1,1
152,-5305696816021977482,1,0
152,628020936226491308,1,0
152,701031210314548601,1,0
152,4348659952760821294,1,0
152,7310940964635812162,1,0
152,-6834627799415035546,1,0
152,7317602140724054002,1,0
152,8388878903852543656,1,0
152,-6493194103110420302,1,0
155,4521626599305779338,1,0
155,628020936226491308,1,0
155,3358418900419361927,1,0
155,8693964245073640147,1,0
157,3722410295315095646,1,1
157,6324195579000287296,1,1
157,-7745076081943986520,1,1
157,5927333115845830913,1,0
157,-4293874077503687006,1,0
157,-6590029937880196169,1,1
157,7316250158002095415,1,0
157,4131471560814340765,1,0
157,8693964245073640147,1,1
157,4244331088397413857,1,0
157,-5791102939414640022,1,0
157,-196592189248911642,1,0
157,6324195380939008355,1,0
157,2696696599994101782,1,0
157,-1025376319773210260,1,1
157,7350968644104485537,1,1
157,6278185190334818598,1,1
157,8557198901083791098,1,1
157,-7134986528414537740,1,1
157,-1596342834117879984,1,1
157,-628177381309085483,1,0
157,1321978891423004894,1,0
157,5909705644131785817,1,1
157,2812966432357257780,1,1
157,7316322978395310984,1,0
157,3254054929887057049,1,1
157,-8581608100925065606,1,0
157,-8691453368477160018,1,1
157,-538096223173054689,1,0
157,6324195462354721428,1,1
157,8954391386601805277,1,0
157,4521626599305779338,1,0
157,-7680145830980282919,1,0
157,-7509752927626140732,1,0
157,32888939633623801,1,0
157,-4603553263418447803,1,0
157,9112463114311278255,1,0
157,-8643482176984377147,1,0
157,2555725317060890903,1,0
157,3683147815759994238,1,0
157,4348659952760821294,1,0
157,-3130816760729488660,1,1
157,7317602140724054002,1,1
157,-1068679832545653119,1,0
160,7875772580533910613,1,0
160,-7377004479023402858,1,0
160,-5949442611686696768,1,0
160,5927333115845830913,1,1
160,-6590029937880196169,1,0
160,7316250158002095415,1,0
160,-653184325010919369,1,0
160,-1633847813283983806,1,1
160,8693964245073640147,1,1
160,-8705398068918907449,1,0
160,-6470868058642068725,1,0
160,4244331088397413857,1,0
160,-8294516549489213008,1,0
160,-2637701113433273272,1,0
160,2353469805335273836,1,0
160,-4927673987971080056,1,0
160,7971327257373737575,1,0
160,5302560163370202064,1,0
160,7928023034387058689,1,0
160,6666573790390922930,1,0
160,7495715957403479953,1,1
160,2652699565675498617,1,0
160,-3507529970483852351,1,0
160,-1633933922436094199,1,0
160,1088227414300337900,1,0
160,9220205176760015004,1,0
160,6196058142670109365,1,0
160,-5783953332487120943,1,0
160,7324914609217160422,1,0
160,2238444630069957045,1,1
160,6666573791573454434,1,0
160,-2164614892727348989,1,0
160,628020936226491308,1,0
160,7310940964635812162,1,0
160,6489166276122938763,1,1
160,-8942695423876075857,1,0
160,-6470777316436355978,1,0
160,8827594569868512437,1,0
160,6284164581582112235,1,1
160,1001398498434380294,1,0
160,4125737294287791576,1,1
160,3433289601737013244,1,1
160,-4491727138029592968,1,0
160,-1633964053286305302,1,0
160,-7415261454408512527,1,0
160,-653184325026622087,1,1
160,-3690515741167825076,1,0
160,4775896950989639373,1,1
160,-8022267440849930066,1,1
160,-7588568981099644054,1,1
160,4915801350801294786,1,0
160,-479048675355935982,1,0
160,6236330376357924371,1,0
160,3683147815759994238,1,0
160,7460082553072507347,1,0
160,6607018907660377991,1,0
160,-5527142071361660829,1,0
160,-3996528178135971899,1,0
163,-7054804880832650555,1,0
163,5927333115845830913,1,1
163,7316250158002095415,1,0
163,4743373741129926453,1,0
163,-6908237418056754682,1,0
163,8693964245073640147,1,1
163,-1633933069817085779,1,0
163,631917896003639611,1,0
163,2460654806659045896,1,0
163,2556241316468779092,1,0
163,4244331088397413857,1,0
163,-4532036554977283654,1,0
163,-196592189248911642,1,0
163,-833255069563853923,1,0
163,-17715907062754502,1,0
163,-1633938282196176593,1,0
163,6868430133575209713,1,0
163,-6159006306231678365,1,0
163,873984297759551988,1,0
163,1088227414300337900,1,0
163,7868745428942900847,1,0
163,-1633938282180439957,1,1
163,6665842266971713801,1,0
163,6666573791573454434,1,0
163,5092210438051004004,1,0
163,-846249759831270671,1,0
163,-8942695423876075857,1,0
163,1061207043315821111,1,0
163,-1319072371179056074,1,0
163,2812966432357257780,1,0
163,6924337203824723352,1,0
163,7316322978395310984,1,0
163,-5472633337921616096,1,1
163,-6286359971906860021,1,0
163,9031785013782341235,1,0
163,6956699582426139508,1,1
163,-1633964240010546747,1,0
163,1390467904297746529,1,0
163,-5839858269967688123,1,0
163,-709131373705578095,1,0
163,-8022267440849930066,1,0
163,-9050100410106163077,1,0
163,-9122065505742320794,1,0
163,-8982526292376518909,1,0
163,4448632742130615686,1,0
163,-4293874077503687006,1,0
163,-4085686983594738208,1,0
163,-2741012149416437677,1,0
163,1857494077720342786,1,0
163,-8469982496679374670,1,0
163,6666573783032938001,1,1
163,4442298946514460487,1,0
163,1354757094212312085,1,1
163,4113046078152056201,1,0
163,-2637701113433273272,1,1
163,-7450405145824585063,1,0
163,-7785899510745619351,1,0
163,-2320783822570582843,1,1
163,7140875290462183693,1,0
163,-6856699653375700096,1,0
163,-4942403953096833674,1,0
163,33792862810792679,1,0
163,-2601201025890389322,1,0
163,628020936226491308,1,0
163,6666573793330346147,1,0
163,3358418900419361927,1,0
163,7730537551718369205,1,0
163,-6799509164833422300,1,0
163,1602113338852532821,1,0
163,5070413844955847732,1,1
163,-221122719864217781,1,0
163,7268209244654081983,1,0
163,5516228268441717785,1,1
163,3400113019509284952,1,1
163,6324195689574858338,1,0
163,-4439229031557999821,1,0
163,6324195462354721428,1,0
163,4362314610248536791,1,0
163,7310354769912406803,1,0
163,3300011614713095954,1,0
163,4775896950989639373,1,0
163,-78341721244567748,1,0
163,-4020518904248117295,1,0
163,-3674166277189581326,1,0
163,596528045739680432,1,0
163,8181328082200809725,1,1
163,7059931397706756640,1,0
163,5300107820801348133,1,0
163,6602285879287508555,1,0
163,487766649788038994,1,0
163,7460082553072507347,1,1
163,7734373599084154974,1,0
163,-5305696816021977482,1,0
163,6279509966423362439,1,0
163,7326840348208892416,1,0
163,4348659952760821294,1,0
163,-3286051814066471962,1,0
163,3717049149426646122,1,0
164,-7054804880832650555,1,0
164,5927333115845830913,1,1
164,-6590029937880196169,1,1
164,-2741012149416437677,1,0
164,8678979293013114588,1,0
164,8693964245073640147,1,1
164,6666573783032938001,1,1
164,3879845647105392250,1,0
164,2460654806659045896,1,1
164,-7450405145824585063,1,0
164,-4532036554977283654,1,1
164,-2320783822570582843,1,0
164,-196592189248911642,1,1
164,7971327257373737575,1,0
164,-329259848532828564,1,1
164,4681407947830188790,1,0
164,-7737557674844589053,1,0
164,628020936226491308,1,0
164,3358418900419361927,1,0
164,-5720078949152207372,1,0
164,-8674377472518634165,1,0
164,6956699582426139508,1,1
164,1390467904297746529,1,0
164,5521284031585796822,1,1
164,1734478755089848864,1,0
164,-7164737313972860089,1,0
164,5729517255058371973,1,0
164,9112463114311278255,1,1
164,7059931397706756640,1,0
164,7460082553072507347,1,0
164,-6689096779184407258,1,0
164,6607018907660377991,1,0
164,-6172775651801283024,1,1
164,4348659952760821294,1,0
164,-5924787280098922359,1,1
164,-8764672938472212518,1,0
164,-2893242005486245564,1,0
164,3717049149426646122,1,0
166,-5696330257194422214,1,1
166,5927333115845830913,1,1
166,-8419415608372401979,1,0
166,-6590029937880196169,1,0
166,8761493590535964257,1,0
166,8026407831917254841,1,0
166,7499170796297973860,1,0
166,8693964245073640147,1,0
166,-4488076503113881082,1,0
166,-450723994850216235,1,0
166,7318956472058153296,1,0
166,5516228268441717785,1,1
166,4970270129075790614,1,0
166,6666573792468194779,1,0
166,-2637701113433273272,1,0
166,-196592189248911642,1,0
166,-5839858269967688123,1,0
166,-3507529970483852351,1,0
166,-790047866881423788,1,1
166,9112463114311278255,1,0
166,-3938663771964020509,1,1
166,6324195188493151546,1,0
166,-5305696816021977482,1,0
166,-2917998150844653076,1,0
166,-8306913357330257467,1,0
166,628020936226491308,1,0
166,-6349602347932703147,1,0
166,4348659952760821294,1,0
166,-5924787280098922359,1,0
166,898684280583629633,1,0
166,9112463115055533409,1,0
166,3717049149426646122,1,0
166,-6793861127573349654,1,1
167,5927333115845830913,1,1
167,-5720078949152207372,1,1
167,-1633887856876571208,1,1
167,-6590029937880196169,1,1
167,1407319030949088160,1,0
167,5506106657614350041,1,1
167,-3955212733485100109,1,1
167,-653184324994839917,1,0
167,8693964245073640147,1,1
167,-7415261454408512527,1,0
167,6666573792468194779,1,0
167,6666573790402026245,1,0
167,2577600876485430729,1,0
167,4244331088397413857,1,0
167,-4986139885405704,1,1
167,-4927673987971080056,1,1
167,7348340405200054701,1,1
167,-8022267440849930066,1,1
167,-4533168039707605782,1,0
167,-4456281272719538076,1,0
167,-1442117569099349957,1,1
167,3848341212734037745,1,0
167,-3365223069353019216,1,0
167,7460082553072507347,1,1
167,-6469306444047018158,1,0
167,628020936226491308,1,1
167,6607018907660377991,1,0
167,-6172775651801283024,1,0
167,4348659952760821294,1,0
167,-5924787280098922359,1,1
167,-8942695423876075857,1,0
167,-977587803899757021,1,0
167,3717049149426646122,1,0
169,-7377004479023402858,1,0
169,-5696330257194422214,1,1
169,5927333115845830913,1,1
169,-5720078949152207372,1,0
169,-1633887856876571208,1,0
169,-4788816465345290913,1,0
169,6666573790391147087,1,0
169,-653184324994839917,1,0
169,8693964245073640147,1,1
169,6666573792468194779,1,1
169,-8504475857937456387,1,1
169,3744849393231249922,1,0
169,-5617926790284095062,1,0
169,2353469805335273836,1,1
169,-2320783822570582843,1,1
169,9076980214985578893,1,1
169,1883678791934985414,1,0
169,1000519352029378378,1,0
169,2948081040363053205,1,0
169,6379073363595815308,1,0
169,5729517255058371973,1,0
169,7485582568214420000,1,1
169,-790047866881423788,1,1
169,9112463114311278255,1,0
169,8557198901083791098,1,0
169,-3938663771964020509,1,1
169,-3938663769340756239,1,1
169,-6689096779184407258,1,0
169,628020936226491308,1,0
169,4348659952760821294,1,0
169,-5924787280098922359,1,1
169,5203158459421976765,1,1
169,-6689072008193665868,1,1
169,-790408166733700925,1,1
169,-3984500456693100047,1,0
169,-2893242005486245564,1,0
169,3358418900419361927,1,0
169,-6793861127573349654,1,1
170,-7937802522076404023,1,0
170,-1633857878693155547,1,0
170,-7377004479023402858,1,0
170,-506173428906005275,1,0
170,-8103714741965524240,1,0
170,7316250158002095415,1,0
170,4743373741129926453,1,0
170,8693964245073640147,1,1
170,-8084560962802706831,1,0
170,5567050199921207838,1,0
170,-4475974445183298125,1,0
170,6752070368761167813,1,0
170,8948670408023620661,1,1
170,-4992614781661197558,1,0
170,-4532036554977283654,1,1
170,-1677427381552047574,1,1
170,2353469805335273836,1,1
170,-4986139885405704,1,0
170,2689721421138748406,1,0
170,-461381632058619300,1,1
170,-1073344577746533072,1,0
170,6666573794799464888,1,0
170,6942574785390744256,1,0
170,-1633933922436094199,1,0
170,-3943652190894535955,1,0
170,5508673276747998511,1,0
170,-329259848532828564,1,0
170,-4950143259631681001,1,0
170,-6099801646020592874,1,0
170,1550452227759609327,1,0
170,6602285879264922467,1,0
170,-8942695423876075857,1,0
170,-1633908186354644707,1,0
170,5909705644131785817,1,0
170,6082420183930845856,1,0
170,7319972383746217338,1,0
170,-7633370358426043343,1,0
170,7378201760553839156,1,0
170,6324195578393301030,1,0
170,-8885457271286017735,1,0
170,6792270137491452041,1,0
170,-795631016982407721,1,0
170,1387044344370560378,1,0
170,-7415261454408512527,1,0
170,-1047273806018410466,1,1
170,-653184325026622087,1,0
170,429374175315151221,1,0
170,-8452948105096767302,1,0
170,8954391386601805277,1,0
170,-5839858269967688123,1,0
170,-6590473556670600053,1,0
170,6290062395240548114,1,0
170,4316647175415440080,1,0
170,2784255869128134945,1,0
170,5729517255058371973,1,0
170,-7509752927626140732,1,0
170,-7339430059748502738,1,0
170,3683147815759994238,1,0
170,-6922429635537039162,1,0
170,-2886617877058558961,1,0
170,6607018907660377991,1,0
170,5473861223576092671,1,0
170,-5161816359816781719,1,0
170,-3060988468431536700,1,0
170,3722410295315095646,1,0
170,-6607372904542956855,1,0
170,-1200607960388315089,1,0
170,-4293874077503687006,1,0
170,3915130705383011296,1,0
170,-6986253755443471866,1,0
170,-5869357962680858299,1,0
170,6666573791286858743,1,0
170,6666573783032938001,1,0
170,6965654211116534216,1,0
170,6104787856247743304,1,0
170,3570274279215600478,1,0
170,7971327257373737575,1,0
170,4506499220103737447,1,0
170,33792862810792679,1,0
170,6324195656125354766,1,0
170,-1254635388881232930,1,0
170,5526043147430458010,1,0
170,-336973510151417349,1,0
170,1081301425634924658,1,0
170,-3553614568875444416,1,0
170,-1633912854767170738,1,0
170,-2339074173061010534,1,0
170,-861265939659249635,1,1
170,-1596342834117879984,1,0
170,-4867788435976563864,1,1
170,-407697760279817468,1,0
170,1699176810558732480,1,0
170,-2096005745705641246,1,0
170,7318279094145460336,1,0
170,-6799509164833422300,1,1
170,1102532443530243635,1,0
170,-7076362497452843593,1,0
170,6666573789489406869,1,0
170,6284164581582112235,1,1
170,3433289601737013244,1,1
170,8845251844360692488,1,0
170,4109858127972970187,1,0
170,-3955212733485100109,1,1
170,1308370063176746269,1,0
170,-5194293652865810864,1,0
170,3772328519196493467,1,0
170,1971824689392570412,1,0
170,3352730443702988322,1,1
170,-8678568584846099664,1,1
170,-1659056212576259512,1,1
170,2658188953116565772,1,0
170,502665604573257504,1,0
170,8230114197108220747,1,0
170,506977247017159424,1,0
170,-7164737313972860089,1,0
170,-4020518904248117295,1,0
170,1106708779410781273,1,0
170,-1017948566093529020,1,0
170,6236330376357924371,1,0
170,6602285879287508555,1,0
170,-4687118535180375646,1,0
170,7378912078908392888,1,1
170,-3852758152052202541,1,0
170,-3864848260969172656,1,1
170,-3710246521590349982,1,0
170,-3996528178135971899,1,0
170,6666573790395438502,1,0
170,-3273709665375426585,1,0
170,-5577604742451702341,1,0
170,5497109940653330488,1,0
170,-1562373526021293187,1,0
172,-5351286592569211433,1,0
172,7875772580533910613,1,0
172,-7054804880832650555,1,0
172,2229153468836897886,1,0
172,-2545572267258040496,1,0
172,-1200607960388315089,1,0
172,5927333115845830913,1,1
172,-4293874077503687006,1,0
172,7316250158002095415,1,0
172,51927186418558461,1,0
172,-2007941709892258731,1,0
172,879280914921868224,1,0
172,-139532991022993378,1,0
172,8024047519993119192,1,0
172,8693964245073640147,1,0
172,-8084560962802706831,1,0
172,6965654211116534216,1,1
172,6666573783032938001,1,1
172,-3537151735276037866,1,0
172,26833988989108533,1,0
172,-1633892619084189144,1,0
172,-7450405145824585063,1,0
172,2689721421138748406,1,0
172,621106275149666397,1,0
172,7324843852388795447,1,0
172,2705437723590691734,1,0
172,2696696599994101782,1,0
172,7098329372864993043,1,0
172,-1073344577746533072,1,0
172,33792862810792679,1,1
172,6666573794799464888,1,0
172,-2601201025890389322,1,0
172,-798287082457044664,1,0
172,-5383091180447530037,1,0
172,6278185190334818598,1,0
172,-329259848532828564,1,0
172,-4950143259631681001,1,1
172,758012317456359902,1,0
172,-1596342834117879984,1,1
172,1550452227759609327,1,0
172,628020936226491308,1,0
172,-8581992803103699873,1,0
172,7310940964635812162,1,0
172,2796575465329881903,1,0
172,6666573794364469039,1,0
172,8827594569868512437,1,0
172,-7324790317470458344,1,0
172,493389622665786650,1,1
172,-1633928745834755553,1,0
172,-7633370358426043343,1,0
172,-8669670269561971184,1,0
172,7378201760553839156,1,0
172,-8885457271286017735,1,1
172,7350928365343629797,1,0
172,8845251844360692488,1,0
172,-1633912816187681087,1,0
172,-915317915806284198,1,0
172,-4986139885714862,1,0
172,9031785013782341235,1,0
172,5909026859521337773,1,0
172,1170348381626369405,1,0
172,6956699582426139508,1,1
172,5989038673291849689,1,1
172,1390467904297746529,1,0
172,-5617926790284095062,1,0
172,-5839858269967688123,1,0
172,3862494027956155121,1,0
172,-538147649776686807,1,0
172,-8022267440849930066,1,0
172,-1410720719305268336,1,0
172,-3425831168385824047,1,0
172,-4986196899447205,1,0
172,159272983823729934,1,0
172,-7509752927626140732,1,0
172,6783467533493320030,1,1
172,8181328082200809725,1,1
172,-7339430059748502738,1,0
172,7059931397706756640,1,0
172,-9050100410106163077,1,0
172,1886578604601590220,1,0
172,-8643482176984377147,1,0
172,-1017948566093529020,1,1
172,-2886617877058558961,1,0
172,-3761477601267574921,1,0
172,-3710246521590349982,1,0
172,4348659952760821294,1,0
172,-1562373526021293187,1,0
172,-6493194103110420302,1,0
172,3717049149426646122,1,0
178,5927333115845830913,1,1
178,-5194293616801086370,1,0
178,-5720078949152207372,1,0
178,-538096223173054689,1,0
178,4560461072199882007,1,0
178,4244331088397413857,1,0
178,5099453940784075687,1,1
178,-653184325026622087,1,0
178,6507914788758818830,1,0
178,-5839858269967688123,1,0
178,-196592189248911642,1,0
178,-5301777493006977660,1,0
178,5729517255058371973,1,0
178,9112463114311277993,1,1
178,5700593089095616681,1,0
178,-833597783765019987,1,0
178,1183530713303335378,1,1
178,3683147815759994238,1,0
178,3520945658345620629,1,0
178,-538061441862183033,1,1
178,701031210314548601,1,0
178,7316277857628602045,1,0
178,-3702770513437892020,1,0
178,1131147543120664919,1,0
182,-538061441862183033,1,1
182,1665047061121005617,1,1
182,-5472633337921616096,1,1
182,-3955212733485100109,1,1
189,4460014541697490352,1,0
189,-7377004479023402858,1,0
189,5927333115845830913,1,1
189,-5720078949152207372,1,0
189,-145658454112781034,1,0
189,7499170796297973860,1,0
189,3512109080198601811,1,0
189,2323199900434421245,1,1
189,2261537411666175103,1,1
189,8693964245073640147,1,1
189,1617401389850686871,1,0
189,3111180582309174116,1,0
189,4244331088397413857,1,0
