app_id,label_id
7324884708820027918,251
-4494216993218550286,251
6058196446775239644,406
6058196446775239644,407
8694625920731541625,406
8694625920731541625,407
1977658975649789753,406
1977658975649789753,407
7311663864768030840,256
5902120154267999338,256
2441810024319437760,256
8378607170315253667,261
-7468212093586159919,256
-6493194103110420302,253
3089609407449461199,256
2705437723590691734,253
-1919793861139224050,256
4955831798976247953,256
-7306728226531308671,256
1078279648391910971,256
-4986139885407669,261
-1402740782309296538,253
-1248372470505531105,256
-3570109673080851771,256
6965923307179252532,256
7310940769716213705,256
-1101022140703462620,256
-653184325008480683,256
-7978659101159381732,261
-329040422501215313,261
-7316019680160566452,256
5526043147430458010,256
4955831798926515375,256
1273338166998313095,256
2353192517345350197,261
6324195188493151546,259
6407355662708063656,256
-7251463951959905563,256
-653184324988043094,256
-653184325030961593,256
4955831798926481053,256
-8488395174360399444,256
-653184324988024771,256
-4456049859732877939,256
1430251490109862963,256
-6493194103110420302,564
2705437723590691734,564
-1402740782309296538,564
7311663864768030840,564
5902120154267999338,564
2441810024319437760,564
-7468212093586159919,564
3089609407449461199,564
-1919793861139224050,564
4955831798976247953,564
-7306728226531308671,564
1078279648391910971,564
-1248372470505531105,564
-3570109673080851771,564
6965923307179252532,564
7310940769716213705,564
-1101022140703462620,564
-9142957261685295367,562
-9142957261685295367,564
-4475974445183298125,562
-4475974445183298125,564
-4992614781661197558,562
-4992614781661197558,564
6324195232678505841,562
6324195232678505841,564
248343107370524466,562
248343107370524466,564
6324194805012914724,562
6324194805012914724,564
6324195232678506114,562
6324195232678506114,564
-6427629469675089275,562
-6427629469675089275,564
6324195226148676050,562
6324195226148676050,564
-5652776690094847726,562
-5652776690094847726,564
-3507529970483852359,562
-3507529970483852359,564
6278903071002663530,562
6278903071002663530,564
6666573789204018013,562
6666573789204018013,564
2386416891608582756,562
2386416891608582756,564
-4581899107652088128,562
-4581899107652088128,564
-4650337234286154865,562
-4650337234286154865,564
1064373260250616266,562
1064373260250616266,564
-653184325008480683,564
6324195232678504671,562
6324195232678504671,564
6324195232678504292,562
6324195232678504292,564
-7316019680160566452,564
5526043147430458010,564
4955831798926515375,564
1273338166998313095,564
6905592527949014825,562
6905592527949014825,564
7315585045386451048,562
7315585045386451048,564
7334124244583906215,562
7334124244583906215,564
7311693804088592711,562
7311693804088592711,564
6324195188493151546,564
6407355662708063656,564
-7251463951959905563,564
-653184324988043094,564
-653184325030961593,564
4955831798926481053,564
-8488395174360399444,564
-653184324988024771,564
-4456049859732877939,564
1430251490109862963,564
-6895783031497525617,562
-6895783031497525617,564
4806930764894851172,562
4806930764894851172,564
-2189102571186702131,562
-2189102571186702131,564
6324195232678504411,562
6324195232678504411,564
6290904409165942387,562
6290904409165942387,564
-653184324994839917,551
7499170796297973860,551
7499170796297973860,558
7499170796297973860,564
7499170796297973860,565
7499170796297973860,566
6366695241166225506,559
-5839858269967688123,562
-5839858269967688123,564
-653184325026622087,562
-653184325026622087,564
8026407831917254841,562
8026407831917254841,564
-7415261454408512527,562
-7415261454408512527,564
-3507529970483852351,562
-3507529970483852351,564
7310940964635812162,562
7310940964635812162,564
1886578604601590220,562
1886578604601590220,564
6041398007802129062,565
4109858127972970187,551
4109858127972970187,558
-3820274682477294415,562
-3820274682477294415,564
7488171461387766536,551
7488171461387766536,558
7488171461387766536,559
7488171461387766536,563
7488171461387766536,565
7488171461387766536,566
6324194957022958681,551
6324194957022958681,552
6324194957022958681,555
6324194957022958681,559
4574657903816099535,562
4574657903816099535,564
7875772580533910613,562
7875772580533910613,564
5500110771702611013,562
5500110771702611013,564
8748186572227813281,562
8748186572227813281,564
9211954271534258460,562
9211954271534258460,564
1977658975649789753,564
4090550525897463905,551
4090550525897463905,552
4090550525897463905,555
4090550525897463905,559
6058196446775239644,564
6058196446775239644,566
-4082780593547460127,565
-4082780593547460127,566
8043763652056245898,562
8043763652056245898,564
6267196328211621199,551
6267196328211621199,552
6267196328211621199,555
6267196328211621199,559
3479480344015462573,551
3479480344015462573,552
3479480344015462573,555
3479480344015462573,559
-4803762672497065997,551
-4803762672497065997,552
-4803762672497065997,555
-4803762672497065997,559
-4383592320041120031,551
-4383592320041120031,552
-4383592320041120031,555
-4383592320041120031,559
2982432729653622418,551
2982432729653622418,552
2982432729653622418,555
2982432729653622418,559
7314933554843938022,551
7314933554843938022,552
7314933554843938022,555
7314933554843938022,559
-795270720706833789,551
-795270720706833789,552
-795270720706833789,555
-795270720706833789,559
-3418559701696361292,551
-3418559701696361292,552
-3418559701696361292,555
-3418559701696361292,559
6665595759662347494,551
6665595759662347494,552
6665595759662347494,555
6665595759662347494,559
7550692134104585959,551
7550692134104585959,552
7550692134104585959,555
7550692134104585959,559
5241322596077884489,562
5241322596077884489,564
1886578604601590336,562
1886578604601590336,564
-3535606752048627385,551
-3535606752048627385,552
-3535606752048627385,555
-3535606752048627385,559
-3561542364510971701,551
-3561542364510971701,552
-3561542364510971701,555
-3561542364510971701,559
-1442117567912221425,551
-1442117567912221425,552
-1442117567912221425,555
-1442117567912221425,559
-705831812493838936,562
-705831812493838936,564
8572329280506857398,565
8572329280506857398,566
-1633958535834641769,564
6126492140345147466,551
6126492140345147466,552
6126492140345147466,555
6126492140345147466,559
-653184324994839917,558
-653184324994839917,564
-653184324994839917,566
6041398007802129062,551
6041398007802129062,552
6041398007802129062,555
6041398007802129062,559
6041398007802129062,568
-4082780593547460127,551
-4082780593547460127,552
-4082780593547460127,555
-4082780593547460127,559
-4082780593547460127,568
3479480344015462573,568
2982432729653622418,568
-3418559701696361292,568
6665595759662347494,568
-3535606752048627385,568
-1442117567912221425,568
8572329280506857398,551
8572329280506857398,552
8572329280506857398,555
8572329280506857398,559
8572329280506857398,568
3280083738678364134,551
7174422536288721997,553
8756705988821000489,251
8756705988821000489,261
1061207043315821111,251
1061207043315821111,263
-1491198667294647703,251
-1491198667294647703,260
2932513810125924031,251
2932513810125924031,256
-1060787891591033040,251
-1060787891591033040,256
-28418107182025255,405
-28418107182025255,688
-28418107182025255,689
3845565795249763443,688
3845565795249763443,689
-5381689510368418729,688
-5381689510368418729,689
-1633958535834641769,688
-1633958535834641769,689
-363367902463095056,405
-363367902463095056,688
-363367902463095056,690
3455002277983130309,688
3455002277983130309,690
-6579641612108812694,688
-6579641612108812694,690
7888225222068064133,688
7888225222068064133,690
6324194997026860737,405
6324194997026860737,688
6324194997026860737,690
-1633887856876571208,251
-1633887856876571208,263
-5839858269967688123,691
-653184325026622087,691
8026407831917254841,691
-7415261454408512527,691
-3507529970483852351,691
-9142957261685295367,251
-9142957261685295367,691
6666573789204018013,251
6666573789204018013,691
-3507529970483852359,251
-3507529970483852359,691
7310940964635812162,691
1886578604601590220,691
-3820274682477294415,691
4574657903816099535,691
5500110771702611013,691
7875772580533910613,691
8748186572227813281,691
-8885457271286017735,251
-8885457271286017735,263
9211954271534258460,691
-4475974445183298125,251
-4475974445183298125,691
-4992614781661197558,251
-4992614781661197558,691
248343107370524466,251
248343107370524466,691
1064373260250616266,251
1064373260250616266,691
238543585576574660,251
238543585576574660,254
6324195232678505841,251
6324195232678505841,691
8043763652056245898,691
503383046604067837,251
503383046604067837,261
5480558050122564345,691
-9208020732558900907,251
-9208020732558900907,259
7322236461693288623,251
7322236461693288623,691
-5652776690094847726,251
-5652776690094847726,691
-6427629469675089275,251
-6427629469675089275,691
4806930764894851172,251
4806930764894851172,691
6324195232678506114,251
6324195232678506114,691
6324195226148676050,251
6324195226148676050,691
6905592527949014825,251
6905592527949014825,691
6324194805012914724,251
6324194805012914724,691
2386416891608582756,251
2386416891608582756,691
6278903071002663530,251
6278903071002663530,691
-4921881266375883294,251
-4921881266375883294,691
-8103714739939839146,251
-8103714739939839146,691
-4650337234286154865,251
-4650337234286154865,691
1265396403283885661,251
1265396403283885661,691
7311693804088592711,251
7311693804088592711,691
5241322596077884489,691
6290904409165942387,251
6290904409165942387,691
6324195232678504292,251
6324195232678504292,691
-4581899107652088128,251
-4581899107652088128,691
-2189102571186702131,251
-2189102571186702131,691
-6895783031497525617,251
-6895783031497525617,691
1886578604601590336,691
7334124244583906215,251
7334124244583906215,691
7315585045386451048,251
7315585045386451048,691
6324195232678504411,251
6324195232678504411,691
-705831812493838936,691
-4494216993218550286,691
7324884708820027918,691
6324195232678504671,251
6324195232678504671,691
1088227414300337900,251
1088227414300337900,263
-2115711103801943584,251
-2115711103801943584,257
370536417196844475,251
370536417196844475,256
9130261574838217531,251
9130261574838217531,263
5075774941390151308,251
5075774941390151308,256
-1101022140703462509,251
-1101022140703462509,256
-1703550459696898384,251
-1703550459696898384,256
-2284829886715002769,251
-2284829886715002769,256
-6530194318985821593,251
-6530194318985821593,256
-1633872773638243846,251
-1633872773638243846,256
3280083738678364134,549
1273338166998313095,549
-7306728226531308671,549
-653184325030961593,549
4955831798976247953,549
-8488395174360399444,549
6407355662708063656,549
3089609407449461199,549
2705437723590691734,549
-7251463951959905563,549
7310940769716213705,549
6324195188493151546,549
-653184324988043094,549
4955831798926481053,549
-1919793861139224050,549
-1248372470505531105,549
-7468212093586159919,549
-653184325008480683,549
-4456049859732877939,549
2441810024319437760,549
7311663864768030840,549
6965923307179252532,549
-653184324988024771,549
5526043147430458010,549
1430251490109862963,549
4955831798926515375,549
1078279648391910971,549
-1101022140703462620,549
-7316019680160566452,549
-1402740782309296538,549
-3570109673080851771,549
-6493194103110420302,549
5902120154267999338,549
3280083738678364134,548
-653184325030961593,548
-8488395174360399444,548
6407355662708063656,548
3089609407449461199,548
-7251463951959905563,548
6324195188493151546,548
-653184324988043094,548
4955831798926481053,548
-1919793861139224050,548
-4456049859732877939,548
-653184324988024771,548
5526043147430458010,548
1430251490109862963,548
4955831798926515375,548
1078279648391910971,548
-7316019680160566452,548
5902120154267999338,548
-9216547119863430601,549
-9214675853607570335,549
-9198959992801690764,548
-9198959992801690764,549
-9192640465934207713,548
-9192640465934207713,549
-9189021095742738616,548
-9189021095742738616,549
-9182602949369992728,548
-9182602949369992728,549
-9171635506745786106,548
-9171635506745786106,549
-9163199196183065950,548
-9163199196183065950,549
-9159483782234380910,548
-9159483782234380910,549
-9154097538536488498,549
-9151535090601042183,548
-9151535090601042183,549
-9139547867870421428,548
-9139547867870421428,549
-9108919903954500817,549
-9104082731553362023,548
-9104082731553362023,549
-9096432755144498763,548
-9096432755144498763,549
-9096028743818441251,548
-9096028743818441251,549
-9093214072689891842,549
-9085479429366217361,549
-9084325996219297311,549
-9068467692548663347,549
-9059006080350368562,549
-9059005236027023561,548
-9059005236027023561,549
-9050718747992561698,549
-9050623029628425093,549
-9050100410106163077,549
-9045430504192372609,548
-9045430504192372609,549
-9032107607889952366,549
-9031288389258268557,549
-9025895417542825280,548
-9025895417542825280,549
-9001882995895350219,549
-8982526292376518909,549
-8980491724196664383,548
-8980491724196664383,549
-8974923418447606565,548
-8974923418447606565,549
-8969597661959696372,548
-8969597661959696372,549
-8967115172244183586,549
-8942695423876075857,549
-8941480138337919086,548
-8941480138337919086,549
-8906271728640069285,549
-8886407097315282510,548
-8886407097315282510,549
-8870954980686179137,548
-8870954980686179137,549
-8833400191020145209,548
-8833400191020145209,549
-8807740666798198052,548
-8807740666798198052,549
-8807740666788515175,549
-8807069566799110776,548
-8807069566799110776,549
-8805677653522588847,549
-8805677653522588846,549
-8798540915418906512,549
-8793760127534313076,549
-8782520125661063500,549
-8778627852483672617,548
-8778627852483672617,549
-8744308156871911171,548
-8744308156871911171,549
-8710520872927062152,549
-8705384134507841495,548
-8705384134507841495,549
-8700863379028761252,548
-8700863379028761252,549
-8695782949118722890,549
-8693692027373166961,548
-8693692027373166961,549
-8692567014962550691,549
-8682121371413279060,549
-8671810512394482451,548
-8671810512394482451,549
-8670322237765044136,548
-8670322237765044136,549
-8669670269561971184,548
-8669670269561971184,549
-8664438396972259130,548
-8664438396972259130,549
-8659688294182741030,549
-8653698568887312508,548
-8653698568887312508,549
-8652690658581576621,548
-8652690658581576621,549
-8639127729763097130,549
-8616061506133879006,548
-8616061506133879006,549
-8613783909652120234,548
-8613783909652120234,549
-8605113409428495553,548
-8605113409428495553,549
-8591728469301637345,549
-8562506767798112869,549
-8556114155735776567,548
-8556114155735776567,549
-8550155480845043722,548
-8550155480845043722,549
-8542957261188531794,549
-8539661775454435872,549
-8538537063399578062,548
-8538537063399578062,549
-8527908731080093597,548
-8527908731080093597,549
-8527360134479898953,548
-8527360134479898953,549
-8508010158626220117,549
-8504475857937456387,549
-8490010985388607873,549
-8485887956506418924,548
-8485887956506418924,549
-8478760994930744773,549
-8453395225694138139,548
-8453395225694138139,549
-8448784201949445101,549
-8447991496905195520,549
-8446394436220565335,548
-8446394436220565335,549
-8419415608372401979,548
-8419415608372401979,549
-8412251392659526391,549
-8393396640832422033,548
-8393396640832422033,549
-8390321692346419892,549
-8371655953968021550,549
-8369109652700574068,549
-8354384929359973551,549
-8352594822111651037,548
-8352594822111651037,549
-8346609928585855633,548
-8346609928585855633,549
-8341186849500941324,548
-8341186849500941324,549
-8340111809216018355,549
-8306913357330257467,548
-8306913357330257467,549
-8305137279000384253,548
-8305137279000384253,549
-8292789963584637094,549
-8286982556630496479,549
-8278733948059839757,549
-8274027330541398085,549
-8268635463902477984,549
-8266158021130658686,548
-8266158021130658686,549
-8225939016873133576,548
-8225939016873133576,549
-8218372276415404346,549
-8206645598182291519,548
-8206645598182291519,549
-8196485998221223650,548
-8196485998221223650,549
-8195431253448999683,548
-8195431253448999683,549
-8188906249073851234,549
-8188500339503118015,548
-8188500339503118015,549
-8176187067770218485,549
-8173745528046745453,548
-8173745528046745453,549
-8166127023441084153,549
-8149674234953556796,548
-8149674234953556796,549
-8135239317515820084,549
-8129126846967662506,548
-8129126846967662506,549
-8077854116023997987,548
-8077854116023997987,549
-8065284662787171252,548
-8065284662787171252,549
-8041045232407139074,549
-8031678568119459242,549
-8022267440849930066,548
-8022267440849930066,549
-8020187027357347718,548
-8020187027357347718,549
-8018764319549913876,548
-8018764319549913876,549
-8005582774621892147,549
-7985551719854148488,548
-7985551719854148488,549
-7955927391436822972,549
-7945100624899230696,549
-7937297112970492625,549
-7931098492746497263,549
-7927968253807201929,549
-7924040805747737737,549
-7917074331669206897,548
-7917074331669206897,549
-7905099980995364877,549
-7876670357151324160,548
-7876670357151324160,549
-7860328331512966507,549
-7857734834924715742,548
-7857734834924715742,549
-7855164949721140952,548
-7855164949721140952,549
-7837829479853199953,548
-7837829479853199953,549
-7837601450634310677,548
-7837601450634310677,549
-7820272692511033587,549
-7820224579351519218,549
-7819077403852965711,548
-7819077403852965711,549
-7812721857676064795,549
-7805108449034718026,549
-7803926179292412579,548
-7803926179292412579,549
-7802609480340090730,549
-7795936335985310415,549
-7793599351535651399,548
-7793599351535651399,549
-7778730842561825726,549
-7763038675405181420,548
-7763038675405181420,549
-7737557674844589053,549
-7736192560899888252,548
-7736192560899888252,549
-7708598551055749730,549
-7698525010683819100,548
-7698525010683819100,549
-7698525010654646177,548
-7698525010654646177,549
-7689286664726196654,548
-7689286664726196654,549
-7687224006159751793,548
-7687224006159751793,549
-7685129465082408908,549
-7684655003844224776,548
-7684655003844224776,549
-7680538372419902188,548
-7680538372419902188,549
-7680145830980282919,548
-7680145830980282919,549
-7676287749790254398,548
-7676287749790254398,549
-7671102714789519366,549
-7667322711173613755,549
-7650062163609433541,548
-7650062163609433541,549
-7647636494219213213,549
-7634383364923544674,549
-7634025274255335064,549
-7628231293159711866,549
-7628231291651242805,549
-7628231291390464249,549
-7628231288157709391,549
-7628231288117243753,549
-7608763039564728777,548
-7608763039564728777,549
-7599407659674781106,548
-7599407659674781106,549
-7592912245932244173,549
-7588075667275548657,548
-7588075667275548657,549
-7585329432531805457,549
-7584768870811101623,548
-7584768870811101623,549
-7575984524192093438,549
-7567779479648510897,548
-7567779479648510897,549
-7557225348092143220,548
-7557225348092143220,549
-7538635923649364811,549
-7536342260204708733,548
-7536342260204708733,549
-7530476420501429556,548
-7530476420501429556,549
-7520174425380511703,549
-7493956709335111535,548
-7493956709335111535,549
-7490974478237076350,548
-7490974478237076350,549
-7487613405062808501,548
-7487613405062808501,549
-7466793219188018775,549
-7462294740381814063,549
-7461891860146275341,548
-7461891860146275341,549
-7438305834172370826,549
-7435591247567081850,549
-7435278119449153994,548
-7435278119449153994,549
-7421731056902508905,548
-7421731056902508905,549
-7415256133057724742,548
-7415256133057724742,549
-7415231132381671797,549
-7415155322241440793,548
-7415155322241440793,549
-7412173126641592346,549
-7400260282275539404,549
-7386280835766680980,548
-7386280835766680980,549
-7377705850326369447,549
-7377054867089874741,549
-7377004479023402858,549
-7355406170975867848,548
-7355406170975867848,549
-7346105450647201708,549
-7345075042931883837,549
-7339430059748502738,549
-7336806380501663121,549
-7329533579782961936,548
-7329533579782961936,549
-7313486987757361197,548
-7313486987757361197,549
-7312456571142167262,548
-7312456571142167262,549
-7294388955723360687,549
-7293621654244239023,548
-7293621654244239023,549
-7249146266046193303,549
-7246928535704521021,549
-7241378601480767155,548
-7241378601480767155,549
-7221443725764648485,548
-7221443725764648485,549
-7216345847345156368,548
-7216345847345156368,549
-7202533276364829643,548
-7202533276364829643,549
-7168917798682900049,549
-7165569895268804921,548
-7165569895268804921,549
-7150827083020767764,548
-7150827083020767764,549
-7141008967859786686,548
-7141008967859786686,549
-7104022996354381479,548
-7104022996354381479,549
-7101754363747406365,549
-7082861156100706721,548
-7082861156100706721,549
-7079747523464463346,549
-7071078164923485960,549
-7036056003973717390,548
-7036056003973717390,549
-7030499191867958285,549
-7026276485396564017,548
-7026276485396564017,549
-7002976599831957743,549
-6997313952710410109,549
-6994520295521919865,548
-6994520295521919865,549
-6993256918768853977,549
-6960058060479658837,548
-6960058060479658837,549
-6947367952109640470,549
-6944518212099786312,548
-6944518212099786312,549
-6940910450558127673,548
-6940910450558127673,549
-6933111769449654043,549
-6928794493031750178,548
-6928794493031750178,549
-6911982104325515829,548
-6911982104325515829,549
-6902643989292411278,548
-6902643989292411278,549
-6882408974719057920,548
-6882408974719057920,549
-6861263975090429432,549
-6850834757836728561,549
-6827427065765766621,548
-6827427065765766621,549
-6822211811375838288,549
-6813808958287502677,549
-6809609784774762272,549
-6809123374896874139,549
-6805028140411211769,548
-6805028140411211769,549
-6799144545770018533,549
-6793861127573349655,549
-6793861127573349654,549
-6784275133121659758,549
-6763620777045890748,548
-6763620777045890748,549
-6738803941222875754,548
-6738803941222875754,549
-6721347415495385168,549
-6709878523366851658,548
-6709878523366851658,549
-6707567112605907713,548
-6707567112605907713,549
-6705677797068214498,549
-6689096779184407253,549
-6664706280295293451,548
-6664706280295293451,549
-6658621657457953891,548
-6658621657457953891,549
-6656961995246901082,549
-6652853959549965476,549
-6647141345223755653,549
-6639986488291647719,549
-6631403390060949647,548
-6631403390060949647,549
-6624649631938547632,548
-6624649631938547632,549
-6613409566726387181,549
-6597320693957407246,549
-6594651344945664003,549
-6592400092980171177,548
-6592400092980171177,549
-6578167661513686539,548
-6578167661513686539,549
-6557444720292838318,548
-6557444720292838318,549
-6534818020911995247,548
-6534818020911995247,549
-6500413394816759738,549
-6490631210365434182,548
-6490631210365434182,549
-6486274930687391368,548
-6486274930687391368,549
-6484806167293536925,548
-6484806167293536925,549
-6480204814151588180,548
-6480204814151588180,549
-6470868058642068725,549
-6470777316436355978,548
-6470777316436355978,549
-6455906065024918682,548
-6455906065024918682,549
-6453385403972334702,548
-6453385403972334702,549
-6451477714547812068,549
-6439436461943448553,549
-6438246130644090170,548
-6438246130644090170,549
-6431250889552832601,548
-6431250889552832601,549
-6428122718712995893,548
-6428122718712995893,549
-6416608769750025366,549
-6412697335013019585,548
-6412697335013019585,549
-6379049938973898102,548
-6379049938973898102,549
-6349602347932703147,548
-6349602347932703147,549
-6327139037884438319,549
-6326452615852796647,548
-6326452615852796647,549
-6325696526289442768,549
-6325031872163601377,549
-6314070921533456264,549
-6284382281479931775,549
-6278695004586645759,549
-6278695004586558765,549
-6264040264099103972,549
-6259143101726123436,548
-6259143101726123436,549
-6250421317167998058,548
-6250421317167998058,549
-6242565557725276084,548
-6242565557725276084,549
-6230981644967753457,549
-6227815582709539627,548
-6227815582709539627,549
-6226969468710993741,548
-6226969468710993741,549
-6218298390713096670,549
-6212537830788600605,548
-6212537830788600605,549
-6212537329228224389,548
-6212537329228224389,549
-6202928095938618681,548
-6202928095938618681,549
-6201023270046890385,548
-6201023270046890385,549
-6201023270046579003,548
-6201023270046579003,549
-6193354183421055109,549
-6180997085834301388,549
-6179798160986972346,548
-6179798160986972346,549
-6173483409200146891,548
-6173483409200146891,549
-6159006306231678365,549
-6150881749490336284,549
-6149352185328443442,549
-6132607566320291788,549
-6111890903951267422,548
-6111890903951267422,549
-6108687620406047898,549
-6098437695588462435,548
-6098437695588462435,549
-6096786055846539081,548
-6096786055846539081,549
-6062025285404249646,548
-6062025285404249646,549
-6057589161527026265,548
-6057589161527026265,549
-6028264441887270583,548
-6028264441887270583,549
-6022148930533793590,549
-6002765558958754325,548
-6002765558958754325,549
-5996961414949840718,548
-5996961414949840718,549
-5993883842347603605,548
-5993883842347603605,549
-5978136413193940453,549
-5976441075473260820,548
-5976441075473260820,549
-5969677717372825343,549
-5965019430961256542,549
-5951455510291172434,548
-5951455510291172434,549
-5949873575407834507,548
-5949873575407834507,549
-5949442611686696768,549
-5945815769651013460,549
-5925967709517541423,548
-5925967709517541423,549
-5917679203122321014,549
-5908656289547460503,548
-5908656289547460503,549
-5897568359778509922,549
-5886681776656491976,549
-5869357962680858299,549
-5848235212339127539,549
-5844223599289935217,548
-5844223599289935217,549
-5841299311775367732,549
-5836043453708975712,548
-5836043453708975712,549
-5827149791799466648,548
-5827149791799466648,549
-5806838684103629558,549
-5801073531541971950,548
-5801073531541971950,549
-5795664883049917843,549
-5766861723881456019,549
-5764408212692140719,549
-5758186403812980647,549
-5728597437300795337,549
-5725953744941112798,548
-5725953744941112798,549
-5721552467260204959,549
-5721552467260202727,549
-5719578195321149399,548
-5719578195321149399,549
-5706273681968589839,549
-5706273681957418032,548
-5706273681957418032,549
-5675391324937262961,548
-5675391324937262961,549
-5649534039600611659,548
-5649534039600611659,549
-5640073802865127170,549
-5639901613505583896,549
-5635509186418271949,548
-5635509186418271949,549
-5631408631228663617,549
-5631121124506060507,548
-5631121124506060507,549
-5621970251380313490,548
-5621970251380313490,549
-5617926790284095062,548
-5617926790284095062,549
-5610060424251176994,549
-5610060424198815332,549
-5607252369458290538,548
-5607252369458290538,549
-5598878054795518066,548
-5598878054795518066,549
-5591510425537751092,549
-5581220602888147769,548
-5581220602888147769,549
-5577532619383441384,548
-5577532619383441384,549
-5565890717255416473,548
-5565890717255416473,549
-5561490709698886611,549
-5540783949968746354,549
-5522967220310052155,548
-5522967220310052155,549
-5520553017606543291,548
-5520553017606543291,549
-5513636484513858251,548
-5513636484513858251,549
-5501664137034867060,549
-5495843700758801595,549
-5494743650919878160,548
-5494743650919878160,549
-5489714635737175873,548
-5489714635737175873,549
-5464237368019715331,548
-5464237368019715331,549
-5432448726261418928,548
-5432448726261418928,549
-5416140175340652907,549
-5415632189740903747,549
-5372083417770193025,548
-5372083417770193025,549
-5368809411346728624,548
-5368809411346728624,549
-5355526400721710207,548
-5355526400721710207,549
-5353912064447241176,548
-5353912064447241176,549
-5347699249214799411,549
-5309037015500363305,549
-5305859782586996508,548
-5305859782586996508,549
-5305747972461377805,548
-5305747972461377805,549
-5305702332625867158,549
-5305696834598211479,549
-5301452580101606823,548
-5301452580101606823,549
-5301350732821311262,549
-5294575874428644592,548
-5294575874428644592,549
-5282465662643084612,548
-5282465662643084612,549
-5276027659482139324,549
-5266370911094318168,548
-5266370911094318168,549
-5236601434442536238,548
-5236601434442536238,549
-5236110457955118337,548
-5236110457955118337,549
-5224999907696956668,548
-5224999907696956668,549
-5208976540730917890,548
-5208976540730917890,549
-5205687321605629880,549
-5205566803136117441,549
-5194293616801086370,549
-5188969377923319860,549
-5188663207849750357,548
-5188663207849750357,549
-5188663207849749435,548
-5188663207849749435,549
-5176405510540436877,549
-5152422835431414579,548
-5152422835431414579,549
-5123934752064414790,549
-5123934751196599909,549
-5114610257339534663,549
-5106986293658776759,548
-5106986293658776759,549
-5096905884850310261,548
-5096905884850310261,549
-5092858405996847525,548
-5092858405996847525,549
-5091763936250948871,548
-5091763936250948871,549
-5083549009976708382,548
-5083549009976708382,549
-5080616460024162836,549
-5073870042787874590,549
-5053029740163100279,549
-5051668379983731450,548
-5051668379983731450,549
-5034386510221507678,548
-5034386510221507678,549
-5025470775416984603,549
-5014876496422905098,549
-4987443025003430171,548
-4987443025003430171,549
-4966699368695277363,548
-4966699368695277363,549
-4963786032872354500,549
-4961550218966020832,549
-4945321685892234376,548
-4945321685892234376,549
-4927673987971080056,549
-4924732943318179172,549
-4921881271049697500,549
-4920043186920107131,548
-4920043186920107131,549
-4905950346553874955,549
-4903991800006656153,548
-4903991800006656153,549
-4901096718114524738,548
-4901096718114524738,549
-4877201213899637916,549
-4876894035608525228,548
-4876894035608525228,549
-4867788435976563864,549
-4866707337108514028,549
-4838519285879396540,548
-4838519285879396540,549
-4822828198118893639,548
-4822828198118893639,549
-4817053665246298650,549
-4808423132697102814,548
-4808423132697102814,549
-4805641388834243234,549
-4790773837929843069,548
-4790773837929843069,549
-4788816465345478638,548
-4788816465345478638,549
-4788816465345342395,549
-4788816465345340298,548
-4788816465345340298,549
-4786170684098150704,548
-4786170684098150704,549
-4780229463007637923,549
-4748590097589752312,548
-4748590097589752312,549
-4738668053178330944,549
-4736116989218294855,548
-4736116989218294855,549
-4706561854926461093,548
-4706561854926461093,549
-4695744088119123892,549
-4684212468281555196,548
-4684212468281555196,549
-4680586486764811189,549
-4674205415708720323,549
-4672998625294552383,548
-4672998625294552383,549
-4664640049048761626,548
-4664640049048761626,549
-4635434234533787250,548
-4635434234533787250,549
-4611345185441898145,548
-4611345185441898145,549
-4608201029809472684,549
-4605913229960656063,548
-4605913229960656063,549
-4604011474093633500,549
-4584759871599381814,548
-4584759871599381814,549
-4582638716153969892,548
-4582638716153969892,549
-4570841016171912968,549
-4561230429910187510,549
-4556745516391696382,548
-4556745516391696382,549
-4550209074213737101,549
-4547357956657275284,549
-4542277875386262720,549
-4539622676672999016,549
-4537508797565725030,548
-4537508797565725030,549
-4533168039707605782,549
-4506304406530625109,548
-4506304406530625109,549
-4498799198195267529,548
-4498799198195267529,549
-4498799198159297680,549
-4491862912102340227,548
-4491862912102340227,549
-4473750673078928494,548
-4473750673078928494,549
-4467988098311879475,548
-4467988098311879475,549
-4467988098282756841,548
-4467988098282756841,549
-4466881661979299618,549
-4455457935223303416,548
-4455457935223303416,549
-4449961084710705463,548
-4449961084710705463,549
-4449960391154400568,548
-4449960391154400568,549
-4449960388512549905,549
-4449960387449561798,548
-4449960387449561798,549
-4439229031557999821,549
-4433352678871994596,548
-4433352678871994596,549
-4397200741834657828,549
-4383592319996054991,549
-4369913274473800879,548
-4369913274473800879,549
-4367237914501451539,549
-4367237914494517840,548
-4367237914494517840,549
-4361453417043092299,549
-4356034527320870959,549
-4335908247405070784,548
-4335908247405070784,549
-4334269663623473315,549
-4324920106964888896,548
-4324920106964888896,549
-4321287511309772743,549
-4321287511309772741,548
-4321287511309772741,549
-4321287511309771301,548
-4321287511309771301,549
-4308057871212036185,548
-4308057871212036185,549
-4302133969085284963,548
-4302133969085284963,549
-4293874077503687006,549
-4284909546061488701,549
-4279515727900520187,548
-4279515727900520187,549
-4273501766759497280,549
-4270340832250263852,549
-4264754292655402932,548
-4264754292655402932,549
-4262155913292150105,549
-4230590976487630248,549
-4229825292997995532,548
-4229825292997995532,549
-4207239400520778502,548
-4207239400520778502,549
-4199313682379207780,548
-4199313682379207780,549
-4149395406351313168,548
-4149395406351313168,549
-4144274159994974144,548
-4144274159994974144,549
-4135661236593897774,548
-4135661236593897774,549
-4131761129758098687,548
-4131761129758098687,549
-4122282413585303203,549
-4119123268883159259,549
-4118191920606925732,548
-4118191920606925732,549
-4115890311382863225,549
-4108504135241892488,548
-4108504135241892488,549
-4105695855233985940,548
-4105695855233985940,549
-4075714421358449770,548
-4075714421358449770,549
-4064635082291452724,549
-4052487659228654341,549
-4023618529521450007,548
-4023618529521450007,549
-4020518904248117295,549
-4005960162628138208,548
-4005960162628138208,549
-3966079227877634876,548
-3966079227877634876,549
-3955726543860238969,548
-3955726543860238969,549
-3955726506443028604,548
-3955726506443028604,549
-3955726505570700389,548
-3955726505570700389,549
-3955726430178687343,548
-3955726430178687343,549
-3955726390717979943,548
-3955726390717979943,549
-3949457754373285811,549
-3949165459968705436,548
-3949165459968705436,549
-3943532734749596459,549
-3936561692076868869,549
-3933669025305629678,548
-3933669025305629678,549
-3926008524783816076,549
-3925027452315157003,548
-3925027452315157003,549
-3901138645192311754,548
-3901138645192311754,549
-3892853652065763778,548
-3892853652065763778,549
-3879147818775471309,548
-3879147818775471309,549
-3875379006608579824,549
-3875126804472321228,549
-3865218491221300632,549
-3865188747318279474,549
-3864561230889983602,548
-3864561230889983602,549
-3864561230889983600,548
-3864561230889983600,549
-3858504887131107090,549
-3856808102515790971,548
-3856808102515790971,549
-3850723590798692445,549
-3848023688474364503,549
-3832500518826101921,549
-3814655881987914519,549
-3803323776254648416,549
-3787018320330557267,549
-3781028690820467498,549
-3770359117790949277,548
-3770359117790949277,549
-3762129241947865216,548
-3762129241947865216,549
-3753878043428102387,549
-3753644025318274617,548
-3753644025318274617,549
-3751911794688380608,548
-3751911794688380608,549
-3751784184323034469,549
-3751784184323034468,549
-3740358820423762214,549
-3731067605494832088,549
-3728867868958631207,548
-3728867868958631207,549
-3723957186689276995,549
-3716532816526689952,549
-3702770513437892020,548
-3702770513437892020,549
-3681219897847587958,549
-3670974764761201641,548
-3670974764761201641,549
-3661021368768019640,549
-3659463965661490336,549
-3650424395751661522,548
-3650424395751661522,549
-3635604636784374872,548
-3635604636784374872,549
-3626375694434558593,549
-3622755524092446462,549
-3612942189541430568,549
-3598623770519591823,548
-3598623770519591823,549
-3596631043014069163,548
-3596631043014069163,549
-3585712497229090184,549
-3564364626297773252,548
-3564364626297773252,549
-3551167495184044791,548
-3551167495184044791,549
-3547072345466968722,548
-3547072345466968722,549
-3537151735276037866,549
-3499020696244769739,548
-3499020696244769739,549
-3491352849699130467,548
-3491352849699130467,549
-3490887309450705831,548
-3490887309450705831,549
-3489881539103861734,549
-3489299980491241564,548
-3489299980491241564,549
-3460137993369284046,548
-3460137993369284046,549
-3450816999558836602,549
-3444936956043865504,549
-3437082274970971623,548
-3437082274970971623,549
-3429011808459646738,548
-3429011808459646738,549
-3425831168385824047,549
-3422244824740738044,548
-3422244824740738044,549
-3400634978117084343,548
-3400634978117084343,549
-3400200253891667683,548
-3400200253891667683,549
-3396406014287499420,548
-3396406014287499420,549
-3388810270143430986,548
-3388810270143430986,549
-3381450923502382562,548
-3381450923502382562,549
-3370801398061000678,548
-3370801398061000678,549
-3366046276382883102,548
-3366046276382883102,549
-3365223069353019216,549
-3337297427087365189,549
-3328652715767865860,548
-3328652715767865860,549
-3324694030955374831,548
-3324694030955374831,549
-3296800825964555863,549
-3286051814066471962,549
-3271796361799866259,549
-3246325843824304842,549
-3235805055749698359,548
-3235805055749698359,549
-3214905696273435522,548
-3214905696273435522,549
-3203484778499260135,549
-3200478542676511144,549
-3182642047365192238,549
-3180664462136863513,548
-3180664462136863513,549
-3159590940831572051,548
-3159590940831572051,549
-3137982628585203841,548
-3137982628585203841,549
-3130816760729488661,549
-3130816760729488660,549
-3116838790102180634,549
-3112647287689646750,549
-3107136040011814989,549
-3106415878265857418,548
-3106415878265857418,549
-3095620302207520819,549
-3082425508665296518,549
-3081664338558965393,549
-3081664261975634860,548
-3081664261975634860,549
-3081664261971041060,548
-3081664261971041060,549
-3020512908248550727,548
-3020512908248550727,549
-3014870637212966354,549
-3013039803439958389,548
-3013039803439958389,549
-2992563823065050391,549
-2986094523080590591,549
-2969858668811119345,549
-2969773293536065178,549
-2962409554765631427,549
-2956363450079952756,548
-2956363450079952756,549
-2943276689906159046,549
-2939884851475361505,548
-2939884851475361505,549
-2930192834686078738,549
-2912111592653200749,549
-2911715507561112383,548
-2911715507561112383,549
-2909255279517704703,549
-2904844356035654984,548
-2904844356035654984,549
-2896299162494094214,549
-2893242005486245564,549
-2880718770786920442,548
-2880718770786920442,549
-2871869521173519830,549
-2865625644391362847,549
-2858523997589118569,548
-2858523997589118569,549
-2828102198799178198,549
-2822463633657122334,548
-2822463633657122334,549
-2804503756560887933,549
-2803521832933914312,549
-2803191658376134031,548
-2803191658376134031,549
-2798591327504505404,549
-2796701442531538835,548
-2796701442531538835,549
-2795976509377890818,549
-2795659851748142451,548
-2795659851748142451,549
-2769993552022839167,548
-2769993552022839167,549
-2766653349292336241,548
-2766653349292336241,549
-2766653348096505346,549
-2750216768115026646,549
-2749542939130691683,549
-2746401799157591886,549
-2741750992142862016,548
-2741750992142862016,549
-2741750992142860308,549
-2740981671619613387,549
-2735762224008754692,548
-2735762224008754692,549
-2735727003848075401,548
-2735727003848075401,549
-2689835190502754447,549
-2675243034571224262,548
-2675243034571224262,549
-2671374889000980132,548
-2671374889000980132,549
-2666457375098017760,548
-2666457375098017760,549
-2662456345320393750,548
-2662456345320393750,549
-2657988959347799518,548
-2657988959347799518,549
-2653429360149091346,548
-2653429360149091346,549
-2649949252037915546,548
-2649949252037915546,549
-2629498721618919543,549
-2628825588504494959,549
-2607613758547157659,549
-2607543024020309937,549
-2601201025890389322,549
-2601063888892814087,548
-2601063888892814087,549
-2592939878978764022,548
-2592939878978764022,549
-2558901008606611814,548
-2558901008606611814,549
-2558560716686423197,549
-2555669529226521643,548
-2555669529226521643,549
-2550941840116529246,548
-2550941840116529246,549
-2543877226164924245,548
-2543877226164924245,549
-2540368689080643913,549
-2521847742372712733,549
-2519177525893990690,548
-2519177525893990690,549
-2517804107443591580,548
-2517804107443591580,549
-2515380389388023522,549
-2508899636172633143,548
-2508899636172633143,549
-2506836319352886276,549
-2502596392088586825,549
-2493102696974463180,549
-2489256257827362667,548
-2489256257827362667,549
-2481121285107295743,549
-2476604099441065250,549
-2466171674487304585,549
-2447240159320965385,549
-2436774022472346516,549
-2419582709730154801,549
-2410391919891916815,548
-2410391919891916815,549
-2400175745008504024,549
-2385020226654032587,549
-2382345161972953300,549
-2376714369825691669,548
-2376714369825691669,549
-2375473019447495385,548
-2375473019447495385,549
-2353743250736432478,548
-2353743250736432478,549
-2345992708785843101,548
-2345992708785843101,549
-2326355395748970398,549
-2320705527662285500,549
-2298400776512534919,549
-2275695606618688342,548
-2275695606618688342,549
-2272778614444127001,548
-2272778614444127001,549
-2271572796638791965,548
-2271572796638791965,549
-2265687056144006299,548
-2265687056144006299,549
-2263438552021817148,548
-2263438552021817148,549
-2259767150992245020,548
-2259767150992245020,549
-2255908235155426755,548
-2255908235155426755,549
-2240340823497208900,549
-2237612462213986141,548
-2237612462213986141,549
-2195391177808746897,549
-2194298256162448603,548
-2194298256162448603,549
-2188469102263372321,548
-2188469102263372321,549
-2174748224436106184,549
-2164801900401478179,549
-2164614892727348989,548
-2164614892727348989,549
-2146126609123058850,549
-2145434552412465677,549
-2142288739526175538,548
-2142288739526175538,549
-2119891441622357848,549
-2111337087740043992,549
-2108601107420435272,548
-2108601107420435272,549
-2102196853266493861,548
-2102196853266493861,549
-2090482343169773633,548
-2090482343169773633,549
-2086003756345941920,548
-2086003756345941920,549
-2083271771904219492,548
-2083271771904219492,549
-2055081332064716179,549
-2052227848038771497,548
-2052227848038771497,549
-2039492554251803265,549
-2032958242140056324,549
-2002401542587088646,549
-1990974026583196874,548
-1990974026583196874,549
-1989344910785744179,549
-1968446501584089533,548
-1968446501584089533,549
-1942778863208145669,549
-1935348938074283228,549
-1932408437878496453,548
-1932408437878496453,549
-1929819192633057827,549
-1923000024111769772,548
-1923000024111769772,549
-1902568404010440624,548
-1902568404010440624,549
-1867459254637536324,548
-1867459254637536324,549
-1865101247374841067,548
-1865101247374841067,549
-1859521093721872514,548
-1859521093721872514,549
-1853263602222777386,549
-1853263064798707084,548
-1853263064798707084,549
-1845677644630593525,548
-1845677644630593525,549
-1839774232361937153,548
-1839774232361937153,549
-1811694778100001269,548
-1811694778100001269,549
-1805603084550565936,548
-1805603084550565936,549
-1799912659364968477,549
-1797990110349339209,548
-1797990110349339209,549
-1783812848328724564,548
-1783812848328724564,549
-1781337968934571862,549
-1768493106416834089,549
-1764635445701370537,548
-1764635445701370537,549
-1756629273967114200,548
-1756629273967114200,549
-1756259621731288074,548
-1756259621731288074,549
-1749133564076217766,549
-1730189255386228103,549
-1728987145850779934,548
-1728987145850779934,549
-1688044549342963085,548
-1688044549342963085,549
-1676142018957199227,548
-1676142018957199227,549
-1672758387473095682,548
-1672758387473095682,549
-1672524378700639914,549
-1671984499799284846,548
-1671984499799284846,549
-1668630226940692487,548
-1668630226940692487,549
-1662348610894823046,548
-1662348610894823046,549
-1659056212576259512,548
-1659056212576259512,549
-1651547836395622679,548
-1651547836395622679,549
-1644772163530368356,549
-1639811791486042486,549
-1634111653436487106,548
-1634111653436487106,549
-1633973922549638389,549
-1633973698302696993,549
-1633968833026731505,549
-1633964320995689955,549
-1633964163447120690,549
-1633964053286305302,549
-1633964053286305020,548
-1633964053286305020,549
-1633963373888165749,548
-1633963373888165749,549
-1633958957566310879,549
-1633954094023735881,548
-1633954094023735881,549
-1633949003472578666,549
-1633938335806145257,548
-1633938335806145257,549
-1633938282180439957,549
-1633938279855980798,549
-1633933922436094199,548
-1633933922436094199,549
-1633933303355814874,549
-1633933261867177559,548
-1633933261867177559,549
-1633928829923225880,549
-1633920393227980443,549
-1633918678193968297,548
-1633918678193968297,549
-1633918605613287308,549
-1633915340370080977,549
-1633913242315646368,549
-1633912854767170738,549
-1633912851854741144,548
-1633912851854741144,549
-1633903560680322671,549
-1633902899793170096,549
-1633898313835808255,548
-1633898313835808255,549
-1633893313535371536,548
-1633893313535371536,549
-1633888359471190311,549
-1633883456908387368,549
-1633883228692193644,548
-1633883228692193644,549
-1633883187162005370,549
-1633877727380896276,548
-1633877727380896276,549
-1633873313139722876,548
-1633873313139722876,549
-1633867989493669411,549
-1633857974709225125,548
-1633857974709225125,549
-1633857882530784964,549
-1633857876784766271,548
-1633857876784766271,549
-1633852593328009081,548
-1633852593328009081,549
-1633852362273539742,549
-1633852226362933472,548
-1633852226362933472,549
-1624034022651650590,548
-1624034022651650590,549
-1613151350263210804,549
-1585826743415320057,548
-1585826743415320057,549
-1575488322149400446,548
-1575488322149400446,549
-1573934723074608547,548
-1573934723074608547,549
-1573376790015409159,549
-1570242322315404134,549
-1542864014017261241,548
-1542864014017261241,549
-1525138885446077584,548
-1525138885446077584,549
-1509294816432148611,549
-1507943386269651939,548
-1507943386269651939,549
-1497451000072754717,549
-1497451000072395398,548
-1497451000072395398,549
-1496780913081066720,548
-1496780913081066720,549
-1492804161196850164,548
-1492804161196850164,549
-1487378828349653238,548
-1487378828349653238,549
-1486216271740346293,549
-1481505865693898035,549
-1479757164083824581,548
-1479757164083824581,549
-1479175381696890342,549
-1479175379073626072,549
-1477969609596964845,549
-1471825004844079235,549
-1458713049794753583,549
-1445834556335612904,549
-1442117571183416661,548
-1442117571183416661,549
-1442117569095077934,548
-1442117569095077934,549
-1442117565864503182,549
-1442117564989840135,549
-1442117564365026203,549
-1438655125859802781,548
-1438655125859802781,549
-1437523725514064644,549
-1422210572768977839,549
-1412932566283180189,548
-1412932566283180189,549
-1398843908700553355,549
-1398439828760446650,549
-1398174018122238851,549
-1394467492507648953,548
-1394467492507648953,549
-1361977774698611151,548
-1361977774698611151,549
-1361430640024963486,548
-1361430640024963486,549
-1340250237266093488,549
-1331450510744810131,548
-1331450510744810131,549
-1319072371179056074,549
-1315335323069162663,548
-1315335323069162663,549
-1310774185887771613,548
-1310774185887771613,549
-1310749477225489247,548
-1310749477225489247,549
-1310749477225489245,548
-1310749477225489245,549
-1310718403337041484,548
-1310718403337041484,549
-1292672128765025829,548
-1292672128765025829,549
-1285126497845942333,548
-1285126497845942333,549
-1274639394107650845,549
-1271100264985315920,548
-1271100264985315920,549
-1270764195304642786,548
-1270764195304642786,549
-1268715447882461969,549
-1235212919783589871,549
-1229613473513011842,548
-1229613473513011842,549
-1220614842015122065,549
-1214938390164342197,548
-1214938390164342197,549
-1172909424110612261,548
-1172909424110612261,549
-1172015867036403559,549
-1165625836560669731,548
-1165625836560669731,549
-1144665679506375139,548
-1144665679506375139,549
-1143942689391578807,548
-1143942689391578807,549
-1129062079454721196,548
-1129062079454721196,549
-1101022140703461335,548
-1101022140703461335,549
-1100515016675914882,548
-1100515016675914882,549
-1082311684716871250,548
-1082311684716871250,549
-1076038413886704670,548
-1076038413886704670,549
-1073344577746533072,549
-1067263018010345759,548
-1067263018010345759,549
-1066222546835696818,549
-1061843503715922612,549
-1061151427138117091,549
-1061075732579758440,548
-1061075732579758440,549
-1058523756754576304,549
-1057870991758038460,548
-1057870991758038460,549
-1052652594976102687,549
-1051230690008472563,549
-1041325370840931741,548
-1041325370840931741,549
-1025349813354408104,549
-1015449466412275670,549
-997218105135325655,549
-995726944612374565,548
-995726944612374565,549
-992885709682487100,548
-992885709682487100,549
-988238353388470527,548
-988238353388470527,549
-977587803899757021,548
-977587803899757021,549
-964522998410003460,548
-964522998410003460,549
-964520571443036567,548
-964520571443036567,549
-963868151490555581,548
-963868151490555581,549
-963828185363470125,548
-963828185363470125,549
-963798131920878255,548
-963798131920878255,549
-962497986722399602,548
-962497986722399602,549
-961184540824473221,548
-961184540824473221,549
-953794204698847387,549
-947179649693115717,548
-947179649693115717,549
-947169730763072648,549
-930387751991949957,549
-929654984042952396,548
-929654984042952396,549
-923192824907939817,548
-923192824907939817,549
-881747732475538255,548
-881747732475538255,549
-878427078134272371,548
-878427078134272371,549
-877800435437921994,549
-877395963525062936,548
-877395963525062936,549
-877267768822703838,548
-877267768822703838,549
-861327240735059534,549
-852700174605280830,549
-838436904935055762,549
-833597783765019987,549
-830487677846774729,549
-830487676354042305,549
-820815111848168139,548
-820815111848168139,549
-801920908133762550,549
-791672073183324218,548
-791672073183324218,549
-790408166733700925,548
-790408166733700925,549
-790398294787058005,548
-790398294787058005,549
-789444639793065557,549
-782065994507091253,548
-782065994507091253,549
-775298940247225305,549
-768432039909114183,548
-768432039909114183,549
-765553470289554333,549
-762615526162945716,548
-762615526162945716,549
-761476004968062743,549
-758564620611153467,549
-749821909013421804,549
-740411757595278546,548
-740411757595278546,549
-729705070526521925,548
-729705070526521925,549
-709131373705578095,549
-706932412521414775,549
-705831812493841560,549
-690483913214819705,549
-688482547608927638,548
-688482547608927638,549
-682973430583912502,548
-682973430583912502,549
-677309132920140390,549
-671205476771545838,548
-671205476771545838,549
-654940422589147951,548
-654940422589147951,549
-653191793263399629,548
-653191793263399629,549
-653184325035595583,548
-653184325035595583,549
-653184325035528771,549
-653184325028507570,549
-653184325019774967,548
-653184325019774967,549
-653184325008532547,548
-653184325008532547,549
-653184325003743330,549
-653184324995179989,549
-653184324992915656,549
-653184324990445901,548
-653184324990445901,549
-653184324988420241,548
-653184324988420241,549
-649540569467970645,548
-649540569467970645,549
-649224465541498412,549
-645224643319180577,548
-645224643319180577,549
-643895639209994433,549
-642845374058544119,548
-642845374058544119,549
-634513416835264357,548
-634513416835264357,549
-628742294257691837,548
-628742294257691837,549
-627475020515250004,549
-626198890792400477,548
-626198890792400477,549
-624892513921611718,549
-623826057822488885,549
-620222463165325829,549
-614168784865667657,548
-614168784865667657,549
-583654421088403436,548
-583654421088403436,549
-582213551122734106,548
-582213551122734106,549
-582213547307808426,548
-582213547307808426,549
-562145835145358524,549
-554104845066230979,548
-554104845066230979,549
-540770206168943425,549
-540769936429651272,549
-534099116197981704,548
-534099116197981704,549
-533315163850392107,548
-533315163850392107,549
-532033784482362566,548
-532033784482362566,549
-531425075200379939,549
-525778058644348828,548
-525778058644348828,549
-506173428906005275,548
-506173428906005275,549
-488148109974448781,549
-481776123695948253,548
-481776123695948253,549
-473855534746321962,548
-473855534746321962,549
-470524730003877360,549
-468002293312400892,548
-468002293312400892,549
-465191148403063359,549
-463579351801786522,548
-463579351801786522,549
-460902242777505383,548
-460902242777505383,549
-459215156378062776,549
-456038478919370157,548
-456038478919370157,549
-455404406263796696,548
-455404406263796696,549
-451422363136732768,549
-443024526134076236,548
-443024526134076236,549
-437860951069166643,548
-437860951069166643,549
-421245701991138476,548
-421245701991138476,549
-417686280343235559,549
-376126340657060622,548
-376126340657060622,549
-375201694586023578,548
-375201694586023578,549
-368550520880741111,548
-368550520880741111,549
-367451636853991600,549
-367391600284284612,549
-364933151656676658,549
-338536863687380457,548
-338536863687380457,549
-336933618950243345,548
-336933618950243345,549
-332792151099088795,549
-331448040196026332,548
-331448040196026332,549
-329259848532828564,549
-321550992693663966,549
-285683858600271355,548
-285683858600271355,549
-277905768252982360,548
-277905768252982360,549
-274312386858666179,548
-274312386858666179,549
-265980681696218474,549
-263014056947449543,548
-263014056947449543,549
-259100517902095464,548
-259100517902095464,549
-236614078515146765,548
-236614078515146765,549
-209356571502821151,549
-209339807327750665,549
-200601581747283195,548
-200601581747283195,549
-197127853903390909,549
-195683220249143737,549
-191196206141646186,549
-190860366136431396,548
-190860366136431396,549
-186202591447219461,549
-177493764430656920,548
-177493764430656920,549
-176336176557828468,548
-176336176557828468,549
-170784368645337670,549
-160582333926363654,548
-160582333926363654,549
-139332624952063775,549
-138922413088234412,548
-138922413088234412,549
-136455314746399084,548
-136455314746399084,549
-112564492675318250,549
-106326733761154943,548
-106326733761154943,549
-96505663779738538,549
-92547516032623883,548
-92547516032623883,549
-79921328357595580,548
-79921328357595580,549
-79845516661639952,549
-17715907089561040,548
-17715907089561040,549
-17715907051463608,549
-17685413671869698,549
-13075738323002659,549
-12138416858907555,549
-9681299931478210,549
-4986196865658393,549
-4986139885630498,549
-4986139885457185,548
-4986139885457185,549
-4936004954409709,549
-3396281214756830,548
-3396281214756830,549
15315268299668546,548
15315268299668546,549
16675558548009541,548
16675558548009541,549
22270691232403922,548
22270691232403922,549
32151070196426775,549
36513366058503152,548
36513366058503152,549
37442478859040812,549
51927186418558461,549
62409076860314684,548
62409076860314684,549
67831966793044376,548
67831966793044376,549
72986922169392190,548
72986922169392190,549
75592544073137955,548
75592544073137955,549
76353137236824871,549
88153898000153611,549
88529295920828012,548
88529295920828012,549
90487837403131015,549
95077993957801934,548
95077993957801934,549
100073838397684461,548
100073838397684461,549
133413328456098125,548
133413328456098125,549
133935734026685494,548
133935734026685494,549
161251775222469956,549
161708133144593285,549
161708133144970825,548
161708133144970825,549
163366593375888568,548
163366593375888568,549
163366593396052354,548
163366593396052354,549
168657878853357996,548
168657878853357996,549
187956148468720753,549
197558751591435880,548
197558751591435880,549
200066664711853183,549
230506864190120518,549
232051119407882534,548
232051119407882534,549
246452573416816431,549
257134208936512199,549
257607411659105064,548
257607411659105064,549
263096708958338316,549
271924091832941957,549
278057143924480095,549
289117438905230816,548
289117438905230816,549
315822223654589792,549
325353875063802855,548
325353875063802855,549
328998839874419933,548
328998839874419933,549
329195223336638604,549
344306535524871827,548
344306535524871827,549
349559317092428301,549
354457713683119518,549
383576048814956585,548
383576048814956585,549
388744038219498578,549
392541302170213745,549
411275421361934114,549
414826877976084757,549
415649733873803012,549
415869889597080251,549
428076755915748511,548
428076755915748511,549
431646752148822660,549
444351139908101506,548
444351139908101506,549
449400664175901218,548
449400664175901218,549
455045387974865308,549
477023745774813895,549
484150099194308455,548
484150099194308455,549
487766649788038994,549
488621479901685437,549
492362306052507716,549
499322731087269605,548
499322731087269605,549
501682050154724055,549
502604685497599128,548
502604685497599128,549
502630726947613474,549
503666585476306127,549
506850727991969865,549
512935156197311449,548
512935156197311449,549
543880124725657021,548
543880124725657021,549
544525907754142269,548
544525907754142269,549
556301812872245851,548
556301812872245851,549
564966320014856785,548
564966320014856785,549
584645385469731286,548
584645385469731286,549
590077872678816536,548
590077872678816536,549
595301596235212449,549
601776562959790709,549
627785748750415493,549
628020860214073265,548
628020860214073265,549
628020936226491307,549
628020936226491308,548
628020936226491308,549
632107239909262863,548
632107239909262863,549
638236534228776274,549
676272419033754162,549
701271484220636078,549
740972308402903664,548
740972308402903664,549
758012317456359902,549
782586983652794890,549
785830933405553187,548
785830933405553187,549
791242420671894460,548
791242420671894460,549
797764815690650887,549
799613150247166131,548
799613150247166131,549
806741391449711994,548
806741391449711994,549
819271934988580282,548
819271934988580282,549
824097995378392347,548
824097995378392347,549
839532574074472167,548
839532574074472167,549
873984297759551988,548
873984297759551988,549
877288515501232570,548
877288515501232570,549
878873812410521544,548
878873812410521544,549
879086701751331215,549
883406803364484993,548
883406803364484993,549
885173043585235697,548
885173043585235697,549
885606119496123807,548
885606119496123807,549
906540407757351376,548
906540407757351376,549
924313666473720540,549
927367944248700079,549
936333950832647056,549
943675913681661898,549
974372931194430080,549
994861870340163076,549
1013508980271051967,549
1018100693110305650,548
1018100693110305650,549
1024887170017662310,549
1048379228197779542,549
1052315014980037070,549
1057198458063836585,549
1059390782153688498,548
1059390782153688498,549
1059390782153688499,548
1059390782153688499,549
1059390782153722558,548
1059390782153722558,549
1059390782153723213,548
1059390782153723213,549
1059390782153723219,548
1059390782153723219,549
1059390782153739324,548
1059390782153739324,549
1059390782153739326,548
1059390782153739326,549
1059390782153739594,548
1059390782153739594,549
1059390782153739595,548
1059390782153739595,549
1059390782153739851,548
1059390782153739851,549
1059390782153774571,548
1059390782153774571,549
1059390782153774701,548
1059390782153774701,549
1059390782153790678,548
1059390782153790678,549
1059390782153790942,548
1059390782153790942,549
1059390782153808364,549
1068686841823224216,549
1076616689951863067,549
1081301425634924658,549
1090679928791237692,549
1098768191038896842,549
1100690079734662083,549
1106901156670771288,548
1106901156670771288,549
1129726629544420330,548
1129726629544420330,549
1140452494541250401,549
1144476344737448433,549
1144537413399993927,549
1144541927200283094,549
1145008552199476488,548
1145008552199476488,549
1167581172959005904,548
1167581172959005904,549
1173851342664799868,548
1173851342664799868,549
1175071681292443033,549
1183530713303335378,549
1193347636971758098,549
1194207567257178730,549
1214079119412184333,549
1218225066603316817,548
1218225066603316817,549
1230605111321131291,548
1230605111321131291,549
1230605882052255341,548
1230605882052255341,549
1239924166497957150,549
1247075962780019681,548
1247075962780019681,549
1256435553337808802,548
1256435553337808802,549
1276708508288779000,548
1276708508288779000,549
1290613596335889182,548
1290613596335889182,549
1321978891423004894,549
1354757094212312085,548
1354757094212312085,549
1357374121723096649,548
1357374121723096649,549
1378398281478769324,548
1378398281478769324,549
1402603100474048831,548
1402603100474048831,549
1413745067374243561,548
1413745067374243561,549
1417823244886402064,548
1417823244886402064,549
1418158078880482998,548
1418158078880482998,549
1441931444045023958,548
1441931444045023958,549
1443328113382072835,548
1443328113382072835,549
1444210312602070783,548
1444210312602070783,549
1454012166557858439,548
1454012166557858439,549
1461410916638209095,549
1462037991428094530,548
1462037991428094530,549
1479094277024956290,549
1488004832755452969,549
1488004832773164315,549
1538962728253750182,549
1575542627059018990,548
1575542627059018990,549
1582498396483278289,549
1602108903391469925,549
1603517205227192102,549
1607950779603534266,549
1609061517891423813,548
1609061517891423813,549
1617038705714744130,549
1617401389850686871,548
1617401389850686871,549
1621690153779599975,549
1623038416853078632,549
1625107132916020094,548
1625107132916020094,549
1630757802292777329,549
1631400428917368626,549
1649983841560203447,548
1649983841560203447,549
1665047061121005617,548
1665047061121005617,549
1667533997285340117,548
1667533997285340117,549
1680767206247141772,548
1680767206247141772,549
1700655894253878036,549
1703408427379925459,549
1713424505399483525,548
1713424505399483525,549
1713475350047610788,549
1713478430356253701,549
1717387080002681836,548
1717387080002681836,549
1729074361384635713,548
1729074361384635713,549
1746997291243862875,548
1746997291243862875,549
1747954992415097692,549
1786324400869786984,549
1793909178053858311,548
1793909178053858311,549
1815094988660128174,548
1815094988660128174,549
1821906469809131035,548
1821906469809131035,549
1842822681296978699,548
1842822681296978699,549
1844932242214662557,549
1846027471740541233,549
1867471669075511908,549
1872597183039808782,548
1872597183039808782,549
1876418868596954485,548
1876418868596954485,549
1896951050000427082,548
1896951050000427082,549
1911169756018712425,549
1919990081572238302,549
1933609232841910454,549
1936726569640674571,548
1936726569640674571,549
1938035281605872343,548
1938035281605872343,549
1949487077478821163,548
1949487077478821163,549
1951104020158921481,548
1951104020158921481,549
1972883640940234074,548
1972883640940234074,549
1973886846411506047,548
1973886846411506047,549
2000844203256581287,548
2000844203256581287,549
2013198555751618802,549
2029137434659129286,549
2040291761203848720,549
2040606714310833369,548
2040606714310833369,549
2062317115638083546,548
2062317115638083546,549
2070828387904310328,549
2085947195163240811,549
2086629354386020972,549
2102058859491697499,548
2102058859491697499,549
2130355816316499358,549
2133297309887586581,548
2133297309887586581,549
2136256639306248917,549
2145042351605297425,549
2148379875330552177,549
2154828812350807372,549
2156326780463260941,549
2156356370264824329,549
2170221909539186044,548
2170221909539186044,549
2179225761196971724,549
2180841119774392813,549
2182024878786472452,548
2182024878786472452,549
2190219843825381488,549
2235369372629255941,549
2235369372629255942,549
2238444630069957045,548
2238444630069957045,549
2241746028978395754,548
2241746028978395754,549
2262533400060927933,548
2262533400060927933,549
2293131269832089595,548
2293131269832089595,549
2297389247875368084,548
2297389247875368084,549
2298379182811163117,549
2306067392090419925,549
2311889670352849730,548
2311889670352849730,549
2323816594546570360,549
2324395038581170819,549
2330237574372846585,548
2330237574372846585,549
2337307257198505955,549
2339690170511164567,548
2339690170511164567,549
2348615115540883361,548
2348615115540883361,549
2349839904178442475,549
2353469805335273836,549
2355459020818106172,549
2367576912334299147,548
2367576912334299147,549
2373656809719790358,549
2382929169072834762,549
2386209713164322514,548
2386209713164322514,549
2386810499767277121,549
2393003524123876960,548
2393003524123876960,549
2430468498750399974,548
2430468498750399974,549
2434516522060354080,548
2434516522060354080,549
2521861889613127708,548
2521861889613127708,549
2535023542823376969,549
2545641816451602209,548
2545641816451602209,549
2558421747537652058,549
2573347998353828628,549
2594780247504088208,549
2595388464320096241,549
2597938457260955817,548
2597938457260955817,549
2597938457274444095,548
2597938457274444095,549
2601656896657099985,548
2601656896657099985,549
2605009962241219372,549
2609260809438554480,549
2609335998800052379,549
2619284042764815098,548
2619284042764815098,549
2619679699591122316,548
2619679699591122316,549
2644137104933355972,549
2651853884337513892,548
2651853884337513892,549
2652699565675498617,549
2654180644768915667,548
2654180644768915667,549
2655610200012176193,549
2657101268697371035,549
2689721421138748406,549
2692168850192535634,549
2692599568004271885,549
2694409120106517341,548
2694409120106517341,549
2722294735539975203,548
2722294735539975203,549
2732807808298989363,548
2732807808298989363,549
2733129528160489580,549
2736869066908712048,548
2736869066908712048,549
2742224907755040107,548
2742224907755040107,549
2754192510249609969,548
2754192510249609969,549
2769681623243672868,549
2784255869128134945,549
2787521645104731335,549
2796575465329881903,549
2804592167938437955,549
2812966432357257780,549
2832371952299181020,549
2842134841982006010,548
2842134841982006010,549
2852949001301026857,548
2852949001301026857,549
2856131954568895745,548
2856131954568895745,549
2870048952706421161,548
2870048952706421161,549
2872347606020613269,549
2872557263847477009,549
2872572269209442879,548
2872572269209442879,549
2879196186201349072,548
2879196186201349072,549
2879196186201365971,548
2879196186201365971,549
2887132821479796945,549
2896753789796387160,548
2896753789796387160,549
2899363843881226146,549
2900465736148586963,548
2900465736148586963,549
2901904702923611692,548
2901904702923611692,549
2903503516755369299,549
2904752803166027563,549
2926978719607184351,549
2942713649594721654,548
2942713649594721654,549
2942713649594926147,548
2942713649594926147,549
2944844583945560097,549
2945490718583541434,549
2973706383190035399,548
2973706383190035399,549
2982432617186124561,549
2983357218357029801,548
2983357218357029801,549
2983357254308662382,548
2983357254308662382,549
2983357667353899028,549
2984923330030846041,549
3008686145912661240,549
3031553930129013182,548
3031553930129013182,549
3033494316570685562,549
3041765174790127981,549
3054773850814524282,549
3060013139663527415,548
3060013139663527415,549
3069656718026657090,548
3069656718026657090,549
3088030050545569428,549
3097681322788736638,548
3097681322788736638,549
3111180582309174116,548
3111180582309174116,549
3118364500937262201,549
3120954589450719215,548
3120954589450719215,549
3141618663458214442,549
3162589798101133082,548
3162589798101133082,549
3174777167158922293,548
3174777167158922293,549
3180240106581189601,548
3180240106581189601,549
3181397311341986869,548
3181397311341986869,549
3192235305789874751,548
3192235305789874751,549
3193671124207077646,549
3200416823935677523,549
3210769422517172574,549
3218705041925813779,548
3218705041925813779,549
3233152627269029749,549
3238935908613206752,548
3238935908613206752,549
3239984299813265503,549
3245521702749903537,549
3258653066506014655,548
3258653066506014655,549
3260614162047630024,549
3260873874345045139,548
3260873874345045139,549
3274406358767856978,548
3274406358767856978,549
3300011614713095554,548
3300011614713095554,549
3300927410303317309,548
3300927410303317309,549
3300927412659348909,549
3302659045555665370,549
3322681852348048470,549
3324170545227246521,549
3352730443702988322,549
3357445594735120949,549
3358418900419361927,549
3368594621507747164,548
3368594621507747164,549
3370591410449246672,548
3370591410449246672,549
3373350906705544042,548
3373350906705544042,549
3376663196766592730,548
3376663196766592730,549
3383010599710637738,549
3387042480389590599,548
3387042480389590599,549
3388558983336795525,548
3388558983336795525,549
3392445820581794022,548
3392445820581794022,549
3425125331369212236,549
3429373918362489446,548
3429373918362489446,549
3430352312511465976,549
3433289601737013244,548
3433289601737013244,549
3434221826986858311,548
3434221826986858311,549
3438242068886271860,548
3438242068886271860,549
3442455495106057530,549
3449555328666003858,549
3450993789189220554,548
3450993789189220554,549
3459377189200826795,549
3461250885919481246,548
3461250885919481246,549
3479261450852815478,548
3479261450852815478,549
3496944667818245457,548
3496944667818245457,549
3499656320343897131,548
3499656320343897131,549
3501829075324854932,549
3506223960134924168,548
3506223960134924168,549
3510624693455184787,548
3510624693455184787,549
3512109080198601811,548
3512109080198601811,549
3512109080479544030,548
3512109080479544030,549
3526364092712187966,549
3537421161666110115,549
3543110608752751728,548
3543110608752751728,549
3546146036393432167,548
3546146036393432167,549
3551400326771606239,548
3551400326771606239,549
3565536343788328629,549
3606520193998744852,549
3609397589155565571,549
3632241867195268975,548
3632241867195268975,549
3634596304612336770,549
3663035009148819957,548
3663035009148819957,549
3673939281555480663,549
3684390407061853403,549
3691470047423308079,548
3691470047423308079,549
3704316422190979906,549
3710044814032907583,549
3710129837762010934,549
3717049149426646122,549
3722410295315095646,549
3729963440783707797,549
3742278438460437277,548
3742278438460437277,549
3744849393231249922,548
3744849393231249922,549
3749526057922360094,548
3749526057922360094,549
3751440312065228394,549
3752702097005616121,548
3752702097005616121,549
3761388741695696954,548
3761388741695696954,549
3772328519196493467,549
3785570398901970109,549
3788231207024523337,548
3788231207024523337,549
3862494027956155121,549
3866547637742176001,549
3870439734374240889,548
3870439734374240889,549
3876263494075396872,549
3879640810657344511,549
3879845647105392250,549
3890680655534542575,548
3890680655534542575,549
3899984766532839935,549
3900331350788281734,548
3900331350788281734,549
3913204531216937685,548
3913204531216937685,549
3928966406327915218,548
3928966406327915218,549
3930858182923798741,549
3952139359614799375,548
3952139359614799375,549
3987595867590771109,549
3997044362289576257,549
4014065345243026580,549
4027264719004634425,548
4027264719004634425,549
4032592054708419850,549
4047141918414859395,548
4047141918414859395,549
4051364628183412483,549
4070304398262605426,549
4084315994645009546,549
4085378656238508365,549
4090550523556910107,549
4090550523842587959,548
4090550523842587959,549
4090550524137090108,549
4090550527338181348,549
4095882700650296720,548
4095882700650296720,549
4107470761147088532,549
4109645854406950560,549
4109857509541120555,549
4131471560789576400,548
4131471560789576400,549
4131471560814340765,549
4148084087617290879,549
4156016801860027356,549
4194978734950248697,548
4194978734950248697,549
4195878966163397913,548
4195878966163397913,549
4203803983611475784,549
4204314535781889082,549
4205923335468787584,549
4226092479967292363,548
4226092479967292363,549
4236048822675145473,548
4236048822675145473,549
4239097105991322998,548
4239097105991322998,549
4244331088397413857,549
4269059375483044998,548
4269059375483044998,549
4322920642187388489,548
4322920642187388489,549
4326616661911569925,548
4326616661911569925,549
4327268230428415118,549
4337706178503108165,549
4348659952760821294,548
4348659952760821294,549
4373268368372483132,548
4373268368372483132,549
4379449528402015286,548
4379449528402015286,549
4385743866356523364,548
4385743866356523364,549
4389133975510019760,549
4403719496385739371,548
4403719496385739371,549
4416737770169198099,548
4416737770169198099,549
4419899252984686509,548
4419899252984686509,549
4428279502394970023,548
4428279502394970023,549
4444894929914643173,549
4448632742130615686,549
4455902961057502872,548
4455902961057502872,549
4460014541697490352,548
4460014541697490352,549
4461140194853672113,548
4461140194853672113,549
4464420987249887884,548
4464420987249887884,549
4470036858646803712,548
4470036858646803712,549
4474693048756951260,548
4474693048756951260,549
4481318001294918563,548
4481318001294918563,549
4487138284064772016,548
4487138284064772016,549
4492401378707539128,549
4505335412507084150,548
4505335412507084150,549
4514754372693378426,548
4514754372693378426,549
4521626599305779338,549
4522006599737446159,548
4522006599737446159,549
4528284710489713931,548
4528284710489713931,549
4547658497399744145,549
4551152998688968188,549
4556162478615882589,549
4561500071607581163,548
4561500071607581163,549
4565132372013037451,549
4570845065620218689,549
4576714155233926646,549
4577477218294913687,548
4577477218294913687,549
4592075333424983236,549
4602400312422797841,548
4602400312422797841,549
4608391432191868632,549
4610643279101486069,549
4613649386628566078,549
4625274905594567807,549
4649625501815820272,548
4649625501815820272,549
4654540127099099687,549
4661949753969492784,548
4661949753969492784,549
4673219945798784409,548
4673219945798784409,549
4673789759263630491,548
4673789759263630491,549
4681407947830188790,548
4681407947830188790,549
4710843757088657177,549
4743373741129926453,549
4749281875217080156,548
4749281875217080156,549
4754260103523737030,548
4754260103523737030,549
4757917163306659224,549
4757917163320268301,548
4757917163320268301,549
4759710444029953630,548
4759710444029953630,549
4760829929767983364,549
4771150223794317618,548
4771150223794317618,549
4775896950989639373,549
4788590893297499393,548
4788590893297499393,549
4807866573852340491,548
4807866573852340491,549
4828548453277771511,548
4828548453277771511,549
4831115692743132498,548
4831115692743132498,549
4864114064164548587,549
4879604422995843565,549
4933794309271061374,549
4940752678425579382,549
4955831798935713671,548
4955831798935713671,549
4961954679216965913,549
4973436565727842174,548
4973436565727842174,549
4973442194919688947,548
4973442194919688947,549
4987591410402769253,549
4988405943368361457,549
5000631802388359361,548
5000631802388359361,549
5000858377229678755,548
5000858377229678755,549
5031195382524083101,548
5031195382524083101,549
5048439345376999245,548
5048439345376999245,549
5056026451705268585,549
